RegionID,SizeRank,RegionName,RegionType,StateName,1/31/2018,2/28/2018,3/31/2018,4/30/2018,5/31/2018,6/30/2018,7/31/2018,8/31/2018,9/30/2018,10/31/2018,11/30/2018,12/31/2018,1/31/2019,2/28/2019,3/31/2019,4/30/2019,5/31/2019,6/30/2019,7/31/2019,8/31/2019,9/30/2019,10/31/2019,11/30/2019,12/31/2019,1/31/2020,2/29/2020,3/31/2020,4/30/2020,5/31/2020,6/30/2020,7/31/2020,8/31/2020,9/30/2020,10/31/2020,11/30/2020,12/31/2020,1/31/2021,2/28/2021,3/31/2021,4/30/2021,5/31/2021,6/30/2021,7/31/2021,8/31/2021,9/30/2021,10/31/2021,11/30/2021,12/31/2021,1/31/2022,2/28/2022,3/31/2022,4/30/2022
102001,0,United States,Country,,36,32,32,33,35,36,35,35,35,34,34,33,35,32,32,33,34,35,35,35,35,34,35,35,37,29,30,37,36,35,36,37,38,37,38,38,37,33,35,35,35,36,36,35,35,35,35,35,37,32,31,31
394913,1,"New York, NY",Msa,NY,63,58,50,51,54,57,59,56,56,56,54,53,60,58,51,52,52,55,56,55,55,56,55,54,60,59,38,50,60,56,48,52,56,58,60,61,56,47,57,61,62,64,66,65,64,64,63,56,62,64,57,53
753899,2,"Los Angeles-Long Beach-Anaheim, CA",Msa,CA,34,29,30,30,31,31,31,30,31,31,31,31,33,30,30,31,31,32,32,31,32,32,32,32,34,28,29,34,31,31,31,32,33,34,33,34,35,30,31,31,30,31,30,30,30,30,30,30,32,28,28,28
394463,3,"Chicago, IL",Msa,IL,43,40,41,42,44,45,43,41,41,40,40,38,42,40,39,39,42,43,42,41,42,41,41,40,43,35,33,44,44,41,41,42,44,44,43,42,45,33,41,44,43,43,44,43,42,42,40,40,42,36,36,37
394514,4,"Dallas-Fort Worth, TX",Msa,TX,21,21,20,21,22,22,21,21,21,22,21,20,21,21,20,22,22,22,21,21,22,21,21,21,22,16,20,24,22,23,23,24,24,24,24,23,24,23,22,22,22,22,22,22,22,22,22,22,23,22,22,27
394974,5,"Philadelphia, PA",Msa,PA,41,37,36,40,41,39,36,42,43,42,41,40,42,38,39,40,42,44,44,42,42,42,41,41,45,37,36,44,51,42,42,44,44,37,42,43,45,41,42,42,42,44,44,43,42,42,41,42,45,40,38,37
394692,6,"Houston, TX",Msa,TX,32,30,31,31,33,34,32,31,32,31,31,30,32,30,30,31,32,32,32,31,32,32,31,31,32,25,28,34,32,34,34,35,36,36,35,35,36,33,35,34,33,34,32,32,32,31,31,31,32,30,29,30
395209,7,"Washington, DC",Msa,DC,29,22,21,23,26,31,35,34,35,34,34,35,37,33,32,33,34,36,35,34,34,34,34,34,37,31,30,35,36,35,35,35,34,29,34,34,35,32,30,31,31,31,31,32,32,31,33,32,34,30,28,28
394856,8,"Miami-Fort Lauderdale, FL",Msa,FL,37,34,36,36,37,40,39,37,37,36,36,34,36,31,34,36,38,38,39,36,39,37,36,36,38,30,29,41,40,36,38,41,41,42,41,41,28,30,37,41,42,43,43,42,41,41,41,41,42,38,37,36
394347,9,"Atlanta, GA",Msa,GA,33,30,30,31,32,33,31,31,31,30,30,29,30,29,29,31,31,31,31,30,31,30,30,31,31,24,27,31,30,31,31,31,32,31,30,30,31,30,30,31,30,30,29,29,29,29,28,29,32,29,28,27
394404,10,"Boston, MA",Msa,MA,48,43,42,43,44,46,46,46,45,43,43,42,46,42,42,43,44,46,46,46,44,44,44,44,49,42,41,45,50,45,44,46,45,45,45,46,49,46,44,44,45,47,45,46,44,43,43,44,47,43,40,41
395057,11,"San Francisco, CA",Msa,CA,29,24,24,25,25,26,26,25,25,24,26,26,29,24,24,26,26,25,26,26,28,26,26,28,30,23,24,30,28,28,28,28,29,28,28,30,30,27,28,28,28,28,28,27,28,27,27,27,29,24,24,25
394532,12,"Detroit, MI",Msa,MI,39,35,36,36,37,40,40,39,38,38,37,37,38,35,35,35,36,35,36,36,37,35,35,35,36,28,29,38,41,35,38,39,40,40,39,38,31,31,36,35,34,35,35,35,36,35,34,35,38,32,31,29
395025,13,"Riverside, CA",Msa,CA,35,30,31,31,33,34,33,32,31,31,32,31,32,30,30,31,32,33,33,33,34,33,33,34,35,28,29,35,33,33,35,36,37,37,36,37,37,33,33,33,32,33,32,31,32,31,32,32,34,29,29,29
394976,14,"Phoenix, AZ",Msa,AZ,29,27,28,29,28,28,28,29,28,28,16,27,28,27,27,28,28,29,29,29,29,28,28,28,29,23,27,30,30,30,30,30,30,29,29,29,29,27,27,28,27,28,27,26,28,27,27,28,29,27,25,25
395078,15,"Seattle, WA",Msa,WA,32,29,27,28,29,30,30,30,30,30,30,30,32,30,29,29,29,30,31,31,32,32,32,32,34,28,28,32,31,32,31,32,32,31,32,32,33,30,29,30,29,30,30,30,30,29,30,30,31,28,27,27
394865,16,"Minneapolis-St Paul, MN",Msa,MN,32,30,30,33,34,33,32,31,31,30,29,29,32,26,30,30,32,32,31,30,30,29,29,29,32,25,27,33,33,32,32,32,33,33,32,32,32,31,32,34,34,36,35,34,34,32,32,31,33,31,30,30
395056,17,"San Diego, CA",Msa,CA,31,29,29,29,30,30,27,24,31,30,30,29,30,29,29,30,30,30,30,30,31,30,30,31,32,28,28,,,30,30,30,31,30,30,30,31,29,29,29,28,28,28,27,28,28,28,28,29,24,24,24
395121,18,"St. Louis, MO",Msa,MO,36,33,34,34,36,36,36,34,34,34,33,33,35,32,35,35,37,37,36,36,36,36,36,36,37,32,32,37,38,37,37,39,40,38,37,39,41,35,37,37,37,38,38,37,38,37,36,36,36,32,31,31
395148,19,"Tampa, FL",Msa,FL,38,35,37,38,40,42,40,39,38,37,38,37,38,34,36,36,37,38,37,37,37,25,33,35,36,30,32,38,37,37,38,39,39,39,38,37,38,34,35,36,35,36,35,34,35,35,34,35,36,33,32,31
394358,20,"Baltimore, MD",Msa,MD,37,34,31,35,34,37,40,40,40,40,39,39,40,36,36,36,39,40,38,39,39,39,39,38,42,36,33,40,41,40,39,40,37,31,38,40,41,36,37,36,35,36,35,35,35,36,36,36,38,34,32,30
394530,21,"Denver, CO",Msa,CO,34,32,31,32,32,34,33,32,33,32,33,32,35,31,31,32,32,33,33,33,34,33,34,34,36,30,31,34,35,33,34,35,36,35,34,34,35,29,30,31,30,30,30,31,32,33,33,32,33,29,29,28
394982,22,"Pittsburgh, PA",Msa,PA,42,39,41,42,43,42,43,42,41,41,40,39,42,38,39,40,41,43,41,42,43,43,42,42,46,38,33,45,,41,43,45,44,44,45,45,47,43,44,44,43,44,44,43,43,45,44,44,47,43,40,39
394998,23,"Portland, OR",Msa,OR,37,33,32,32,33,34,32,32,32,32,32,32,34,31,31,31,32,32,33,32,33,33,33,33,35,29,30,34,33,33,33,34,35,35,34,35,36,32,31,31,30,31,31,31,31,30,31,31,32,29,28,29
394458,24,"Charlotte, NC",Msa,NC,36,34,33,34,36,37,35,35,36,35,35,34,38,34,34,35,36,36,36,36,36,36,36,36,39,31,31,38,38,36,38,38,37,37,36,37,37,30,34,34,33,35,34,34,33,33,33,33,35,31,30,31
395045,25,"Sacramento, CA",Msa,CA,30,28,28,28,29,29,29,29,29,29,29,29,30,28,28,29,29,29,30,30,30,30,30,30,31,25,27,31,30,30,30,31,32,31,31,31,31,28,28,28,28,28,28,27,28,28,28,29,29,25,22,26
395055,26,"San Antonio, TX",Msa,TX,23,22,21,23,24,25,23,22,24,23,23,23,24,22,23,24,22,23,22,20,21,22,22,22,22,15,20,24,24,25,26,25,26,26,26,25,25,30,34,31,33,33,32,32,33,32,32,32,32,31,29,30
394943,27,"Orlando, FL",Msa,FL,37,36,37,39,41,41,39,38,38,36,37,37,39,35,34,36,37,39,38,36,38,22,34,36,38,31,31,39,38,38,38,39,39,39,39,38,39,36,37,37,37,37,36,36,36,36,35,36,37,34,33,32
394466,28,"Cincinnati, OH",Msa,OH,39,37,37,40,40,41,40,39,39,38,37,37,38,35,36,37,38,39,38,38,38,38,37,37,39,33,34,40,40,40,40,40,42,41,39,39,41,38,37,37,38,38,38,38,39,38,38,37,39,34,32,31
394475,29,"Cleveland, OH",Msa,OH,24,22,23,24,25,27,25,23,23,23,23,22,23,22,22,24,25,26,25,24,23,22,22,23,28,18,26,,33,33,34,35,33,36,37,37,25,31,39,38,39,40,38,39,38,38,37,37,38,36,33,33
394735,30,"Kansas City, MO",Msa,MO,31,28,29,31,32,32,31,31,29,30,35,33,36,34,33,35,36,37,35,34,35,34,34,34,36,31,31,37,38,37,37,37,38,37,36,36,38,32,34,33,33,34,34,33,34,32,33,33,34,31,30,30
394775,31,"Las Vegas, NV",Msa,NV,24,23,27,13,29,33,31,30,30,29,31,30,32,29,29,31,31,31,32,31,32,32,32,32,34,28,28,34,31,32,33,34,34,34,34,34,22,29,32,31,31,31,30,30,30,30,30,30,31,29,28,28
394492,32,"Columbus, OH",Msa,OH,40,33,36,36,38,39,38,37,38,37,37,38,38,36,36,37,36,36,36,36,37,36,36,36,39,32,32,36,36,37,35,36,36,36,35,35,35,32,32,32,31,31,31,32,32,34,33,33,35,32,30,29
394705,33,"Indianapolis, IN",Msa,IN,30,29,29,29,35,36,35,34,34,34,33,32,34,33,33,34,34,35,34,33,34,33,34,33,35,30,30,36,35,35,36,36,36,35,35,35,35,32,33,33,32,33,32,32,33,32,32,32,33,31,29,30
395059,34,"San Jose, CA",Msa,CA,29,25,26,24,26,28,27,27,27,27,28,28,29,27,27,28,28,28,29,29,29,29,29,30,31,26,27,31,30,30,30,30,31,31,30,31,23,28,31,30,30,29,29,30,29,29,30,,,29,28,28
394355,35,"Austin, TX",Msa,TX,32,30,30,30,31,31,31,31,31,31,31,30,31,30,29,30,31,31,30,30,31,31,31,31,32,28,29,32,32,32,32,32,32,31,32,31,30,30,30,27,26,28,26,25,27,26,26,27,28,26,23,24
395194,36,"Virginia Beach, VA",Msa,VA,29,22,24,26,28,29,28,26,28,27,27,26,27,25,25,29,28,29,27,28,27,27,30,44,53,28,30,42,44,38,42,44,20,31,35,31,34,30,32,17,27,30,30,28,28,27,28,28,29,27,25,28
394902,37,"Nashville, TN",Msa,TN,36,32,31,33,36,36,33,34,34,35,34,34,36,34,33,33,36,35,32,25,34,28,29,29,30,30,29,30,29,33,31,31,30,29,32,33,,,,34,34,34,33,33,34,32,34,35,37,32,31,30
395005,38,"Providence, RI",Msa,RI,42,40,39,38,41,41,42,42,38,37,39,37,39,38,36,37,40,40,41,41,39,39,37,40,42,34,36,41,43,43,42,42,44,46,43,44,41,38,45,44,45,36,43,45,44,44,43,43,47,42,40,39
394862,39,"Milwaukee, WI",Msa,WI,,,,,,,,,,,,,,,,19,15,21,24,24,20,20,18,20,18,19,18,22,25,33,22,21,19,19,16,14,16,12,17,20,10,12,23,22,17,18,15,19,20,17,20,20
394714,40,"Jacksonville, FL",Msa,FL,28,26,27,27,29,30,27,27,27,26,26,26,28,25,24,25,28,34,34,34,36,34,34,35,37,29,31,37,37,37,39,39,39,39,40,38,38,35,37,38,37,36,37,36,37,37,36,37,39,35,33,32
394849,41,"Memphis, TN",Msa,TN,27,23,23,25,28,27,26,24,22,25,25,23,32,26,24,23,34,36,34,33,34,34,35,34,35,33,30,36,36,36,36,36,37,38,38,37,38,39,41,29,30,33,31,32,32,,,29,29,26,25,25
394935,42,"Oklahoma City, OK",Msa,OK,38,36,36,30,31,36,35,34,34,34,33,32,34,26,27,33,34,34,34,34,34,33,34,34,35,30,31,35,36,36,36,37,38,37,38,37,37,35,37,36,37,37,36,35,36,36,36,36,37,34,34,32
394807,43,"Louisville-Jefferson County, KY",Msa,KY,39,35,35,37,40,39,38,38,39,36,36,38,37,34,34,36,39,38,38,38,40,38,39,39,38,33,34,38,40,41,41,43,43,43,42,42,35,32,40,38,38,38,38,38,38,39,37,38,39,35,35,32
394669,44,"Hartford, CT",Msa,CT,18,30,40,40,44,48,50,47,46,47,46,44,48,43,43,44,46,46,47,45,46,45,45,44,48,43,37,44,50,45,46,48,47,47,47,46,43,42,44,45,45,47,46,46,45,44,44,44,46,41,41,39
395022,45,"Richmond, VA",Msa,VA,42,40,38,41,42,43,39,38,39,41,37,38,42,38,37,39,42,42,41,39,42,40,40,28,36,35,34,41,43,41,39,40,41,40,41,40,43,38,38,37,36,37,36,36,37,37,36,36,39,35,32,33
394910,46,"New Orleans, LA",Msa,LA,39,35,35,36,37,38,37,36,37,36,36,36,37,33,36,36,37,37,37,37,36,37,36,36,37,31,32,39,39,37,39,41,41,41,43,40,44,38,40,40,40,40,38,38,46,43,37,37,36,34,36,34
394425,47,"Buffalo, NY",Msa,NY,60,61,54,57,58,61,62,60,61,62,59,58,61,61,56,57,58,60,61,60,63,63,62,61,63,61,38,59,65,62,58,63,67,68,71,70,73,71,64,63,62,63,65,66,67,68,70,69,70,71,59,58
395012,48,"Raleigh, NC",Msa,NC,39,34,35,36,36,38,36,35,36,36,34,35,37,34,34,35,36,36,36,36,36,36,36,36,40,32,33,38,39,37,38,37,38,37,37,37,39,35,33,33,33,35,32,32,33,32,32,33,35,32,31,31
394388,49,"Birmingham, AL",Msa,AL,36,32,33,34,35,36,35,33,33,33,33,34,36,33,33,34,35,35,34,34,34,34,34,34,35,29,30,36,36,36,37,36,37,36,37,37,36,32,35,36,34,36,34,33,33,32,34,33,34,29,28,29
395053,50,"Salt Lake City, UT",Msa,UT,30,28,28,29,29,28,29,28,29,28,28,28,30,27,27,29,29,29,29,28,29,28,28,29,31,27,27,29,29,30,30,29,31,30,30,30,,,,25,24,26,25,25,27,27,26,27,29,24,23,23
395031,51,"Rochester, NY",Msa,NY,52,47,44,45,48,50,50,49,47,47,45,47,48,46,45,45,47,49,50,50,49,49,48,48,52,44,35,48,55,49,49,52,54,55,55,56,58,57,51,52,51,55,55,56,55,56,54,56,58,53,48,47
394640,52,"Grand Rapids, MI",Msa,MI,38,34,35,35,36,37,37,36,36,36,35,35,38,34,32,33,32,34,35,34,36,36,36,36,38,31,31,37,36,,,36,37,37,35,36,37,32,32,32,32,32,33,33,35,35,34,36,37,31,27,28
395167,53,"Tucson, AZ",Msa,AZ,35,32,33,34,35,36,35,34,35,35,35,32,35,32,33,32,36,35,35,35,35,35,35,35,36,31,32,38,37,38,38,38,38,37,38,38,36,33,35,37,35,34,35,35,35,34,35,34,35,31,31,31
395169,55,"Tulsa, OK",Msa,OK,36,30,32,34,36,36,35,33,34,35,34,33,35,33,32,35,28,33,33,32,32,34,34,33,35,29,29,35,35,36,37,37,40,39,39,38,40,38,26,36,37,38,38,38,37,37,37,37,38,35,35,32
394619,56,"Fresno, CA",Msa,CA,36,32,31,31,34,32,34,33,31,34,31,31,36,30,31,31,32,35,33,34,33,35,34,32,32,29,29,35,,,36,36,37,37,39,40,39,33,32,34,34,34,33,34,29,27,34,34,34,30,30,30
395238,57,"Worcester, MA",Msa,MA,48,42,43,44,45,48,47,46,46,45,43,44,44,44,42,43,45,46,45,46,45,44,44,44,49,40,42,45,48,45,46,49,48,48,47,48,50,47,45,44,46,47,45,46,45,45,45,44,48,44,41,41
394415,58,"Stamford, CT",Msa,CT,21,29,41,44,47,53,55,51,50,49,49,47,51,47,45,49,52,52,52,50,49,48,49,51,51,47,41,51,56,46,49,52,52,54,52,55,50,44,50,52,52,56,56,52,51,49,48,49,54,49,45,46
394312,59,"Albuquerque, NM",Msa,NM,38,35,36,36,38,38,39,37,38,36,37,35,39,35,36,37,38,39,38,37,39,38,37,38,41,33,33,41,39,39,40,41,42,42,42,42,43,38,38,38,39,39,39,37,38,37,38,38,39,35,34,34
394938,61,"Omaha, NE",Msa,NE,36,33,35,37,43,42,38,35,35,36,40,38,34,34,35,33,35,39,40,40,39,37,34,36,32,35,34,39,44,42,43,47,,,39,40,30,31,37,37,36,37,36,35,35,35,35,34,34,31,30,31
394908,62,"New Haven, CT",Msa,CT,16,30,41,44,46,51,53,49,49,47,48,46,48,45,45,46,47,49,50,47,47,46,46,47,51,43,40,47,52,46,49,51,51,52,50,50,48,44,48,48,49,51,49,49,49,48,48,47,50,47,44,42
394357,63,"Bakersfield, CA",Msa,CA,36,33,34,35,37,37,35,36,35,34,36,33,35,32,33,37,36,39,36,35,37,37,36,38,38,30,32,39,35,39,41,42,39,38,41,44,27,31,38,40,38,39,39,38,38,38,38,37,39,33,34,34
394753,64,"Knoxville, TN",Msa,TN,38,35,35,34,36,38,37,36,37,36,35,35,36,35,34,35,36,36,35,35,36,36,36,36,37,32,32,37,37,37,38,38,39,39,39,37,41,36,37,37,37,38,36,37,37,36,38,38,39,34,32,31
394653,65,"Greenville, SC",Msa,SC,39,36,35,36,38,40,39,36,36,37,35,35,37,34,36,36,37,38,39,37,38,37,38,36,40,33,32,39,39,40,40,40,42,40,41,41,28,32,40,39,38,39,38,38,39,38,37,37,41,35,34,33
394952,66,"Ventura, CA",Msa,CA,35,29,30,30,33,33,32,31,31,31,33,31,32,30,30,32,32,32,33,32,33,33,32,32,34,29,30,33,31,31,32,33,34,34,34,34,35,31,31,31,31,31,31,30,31,30,31,31,32,29,29,29
394318,67,"Allentown, PA",Msa,PA,46,44,41,44,48,51,48,46,48,46,38,49,59,40,40,43,42,45,44,44,44,45,45,43,55,46,35,41,53,44,42,43,27,39,44,45,28,38,44,44,42,44,45,43,44,46,45,43,47,42,38,38
394561,68,"El Paso, TX",Msa,TX,32,30,29,30,33,32,28,26,28,29,28,30,56,77,73,37,43,45,39,29,40,42,41,31,31,22,33,40,44,34,39,40,35,14,33,45,46,47,54,44,32,26,41,41,42,43,44,43,45,39,35,36
394367,69,"Baton Rouge, LA",Msa,LA,46,37,36,37,41,44,45,48,40,40,38,38,39,30,32,33,35,37,35,33,18,21,34,35,38,29,31,38,39,37,38,39,40,41,40,40,43,40,31,31,39,39,38,37,41,38,35,35,36,32,32,32
394521,70,"Dayton, OH",Msa,OH,36,31,33,35,35,38,36,35,34,34,34,32,32,32,31,34,36,37,35,36,38,37,37,36,38,32,32,38,39,38,38,39,40,39,37,39,40,35,39,36,37,36,35,35,37,36,36,36,36,32,34,31
394843,71,"McAllen, TX",Msa,TX,32,26,30,31,31,31,25,22,28,31,23,19,33,23,19,26,29,20,25,25,28,23,17,18,20,8,22,32,29,30,32,36,34,33,32,32,33,35,34,32,28,31,35,32,33,30,31,33,33,28,27,29
394486,72,"Columbia, SC",Msa,SC,39,35,34,33,36,34,36,33,36,33,35,33,35,33,34,33,35,38,37,35,37,36,40,38,38,32,31,36,41,39,38,43,38,42,40,38,41,37,33,33,35,42,38,35,38,36,35,37,35,34,33,28
394648,73,"Greensboro, NC",Msa,NC,21,17,16,17,17,18,19,32,38,38,36,35,37,37,36,35,38,36,39,37,37,37,35,37,39,32,31,38,38,37,38,38,39,38,39,38,41,37,33,35,31,34,32,31,33,33,32,34,35,29,29,30
394304,74,"Akron, OH",Msa,OH,24,22,22,22,24,25,24,23,24,23,22,23,26,22,23,26,26,28,24,22,22,23,24,23,28,16,25,,30,32,33,32,33,35,35,35,18,30,38,37,37,38,37,37,37,37,36,36,38,34,34,32
753906,75,"North Port-Sarasota-Bradenton, FL",Msa,FL,39,35,38,41,42,43,41,41,39,37,38,37,40,35,36,37,40,40,39,40,39,28,36,37,39,31,32,42,40,38,39,41,42,42,41,39,40,36,39,40,39,39,38,37,36,36,36,37,38,34,34,34
394798,76,"Little Rock, AR",Msa,AR,32,31,28,28,32,32,30,33,30,26,25,27,28,26,27,8,24,34,33,34,34,40,39,33,26,29,30,36,31,35,32,36,16,31,37,38,35,40,54,35,35,13,28,31,33,29,30,29,30,27,29,30
395134,77,"Stockton, CA",Msa,CA,32,29,30,31,31,31,31,30,31,31,31,31,31,29,30,31,31,32,32,31,34,32,31,32,32,25,28,35,31,32,34,35,35,35,34,36,35,29,31,31,32,31,31,30,31,30,30,32,31,29,26,29
394457,78,"Charleston, SC",Msa,SC,43,38,38,40,40,42,41,40,42,42,38,39,42,37,36,38,40,41,41,39,41,41,38,38,41,34,32,41,42,41,42,42,42,42,42,40,43,39,39,39,40,40,38,37,39,38,38,38,40,35,33,35
395143,79,"Syracuse, NY",Msa,NY,46,44,39,42,41,46,49,45,45,43,45,47,46,41,43,41,41,49,55,53,53,54,53,55,61,58,37,57,64,59,58,60,65,68,68,70,72,69,62,62,61,65,66,66,69,67,67,64,67,69,59,58
394484,80,"Colorado Springs, CO",Msa,CO,34,33,32,34,35,34,33,32,32,32,34,31,33,31,31,32,32,33,32,33,32,32,32,32,33,30,31,32,31,32,32,31,30,30,31,29,,,30,31,30,31,30,30,31,31,31,32,32,29,29,28
395235,81,"Winston-Salem, NC",Msa,NC,18,16,14,16,16,17,18,32,38,37,37,36,39,35,35,36,38,39,38,37,38,36,36,36,39,30,31,38,39,39,39,38,39,39,38,38,40,35,35,35,31,36,33,32,32,32,33,34,35,30,30,30
395224,82,"Wichita, KS",Msa,KS,41,34,38,36,38,38,35,34,37,35,36,35,35,30,38,35,41,36,35,36,38,38,35,38,37,32,35,40,43,41,42,42,41,43,41,42,,,39,39,39,40,38,40,39,38,38,38,39,36,35,
395115,83,"Springfield, MA",Msa,MA,48,44,42,44,46,48,46,45,46,46,43,41,44,43,41,42,43,46,45,45,45,45,44,45,47,42,41,44,48,45,46,48,50,47,49,48,48,46,45,46,47,48,48,48,45,46,47,45,49,43,41,42
394440,84,"Fort Myers, FL",Msa,FL,37,33,36,36,39,41,40,40,39,38,38,36,38,33,35,38,39,39,37,38,38,37,36,37,39,29,30,42,41,38,39,41,41,40,41,40,39,33,38,40,38,39,36,36,36,35,35,35,35,31,32,32
394399,85,"Boise City, ID",Msa,ID,34,31,29,31,32,32,32,31,31,30,31,31,34,31,29,31,30,31,31,30,32,30,29,31,33,29,29,31,31,32,32,32,33,38,34,30,32,29,,,29,29,29,30,30,30,30,30,32,29,28,28
395160,86,"Toledo, OH",Msa,OH,35,34,33,35,37,38,38,37,35,36,34,34,36,34,33,34,34,36,36,35,36,36,33,35,36,28,30,37,36,36,38,38,39,38,38,39,40,35,37,36,34,36,37,36,37,37,37,37,38,34,32,31
394816,87,"Madison, WI",Msa,WI,30,26,29,32,30,37,35,31,28,25,28,22,29,27,28,30,32,35,33,30,29,27,28,26,27,19,24,35,37,35,37,37,33,33,34,34,36,32,32,34,35,36,36,35,35,31,34,34,35,28,30,30
394766,88,"Lakeland, FL",Msa,FL,36,39,38,38,41,40,40,38,38,37,37,36,39,34,35,36,40,37,38,36,36,25,35,38,37,31,31,40,39,39,40,40,42,41,41,40,40,36,38,38,37,38,38,37,37,38,37,38,38,35,35,33
394931,89,"Ogden, UT",Msa,UT,32,30,29,30,29,29,29,28,28,28,28,27,29,28,27,29,29,30,31,29,30,28,28,30,29,26,26,30,31,31,31,32,31,31,31,29,,,,28,26,27,27,27,27,28,28,28,29,24,25,24
394528,90,"Daytona Beach, FL",Msa,FL,39,36,37,37,41,43,41,34,36,37,38,37,35,34,34,36,35,37,37,37,42,26,35,36,37,31,31,40,38,37,39,40,40,41,39,39,37,35,38,35,34,37,36,36,36,35,36,37,36,33,34,32
394531,91,"Des Moines, IA",Msa,IA,40,36,37,37,41,42,40,39,39,37,39,38,38,37,37,37,38,40,38,36,39,38,36,37,39,35,32,40,42,41,42,43,44,44,42,42,43,41,42,42,43,44,44,43,42,42,41,41,42,40,40,40
394711,92,"Jackson, MS",Msa,MS,32,31,31,31,34,35,34,34,34,36,36,34,37,32,33,36,37,37,37,34,35,34,35,34,35,30,31,37,37,38,39,39,41,40,40,39,41,40,39,40,40,39,39,38,37,37,36,36,39,34,35,35
395245,93,"Youngstown, OH",Msa,OH,21,23,19,21,19,20,21,20,20,19,18,18,18,21,19,18,22,20,21,18,22,22,21,21,25,19,22,,28,30,33,35,32,35,36,37,24,31,42,41,40,43,41,42,42,41,39,42,41,37,36,36
394352,94,"Augusta, GA",Msa,GA,34,32,30,37,35,36,36,34,34,34,33,34,30,29,29,31,32,14,29,31,31,30,29,32,32,25,30,34,38,35,36,36,37,37,36,36,38,36,35,37,37,36,36,35,35,35,36,36,38,36,34,33
395075,95,"Scranton, PA",Msa,PA,49,36,44,41,44,42,50,42,41,43,43,43,42,37,34,40,42,42,46,44,43,43,45,43,42,41,40,50,55,46,41,54,47,53,50,50,51,46,45,51,47,51,50,51,42,41,22,,50,50,44,41
394666,96,"Harrisburg, PA",Msa,PA,42,38,37,40,41,44,42,41,41,42,41,41,39,39,39,40,43,43,41,41,40,42,41,39,44,36,34,45,,42,42,45,43,28,41,45,45,40,41,41,43,43,43,43,44,44,43,42,44,41,38,35
394957,97,"Melbourne, FL",Msa,FL,34,33,34,35,36,37,37,34,35,33,33,31,30,30,33,35,36,36,35,35,38,35,34,34,34,29,28,35,34,34,33,35,28,34,36,37,37,35,35,37,37,36,35,35,36,35,35,36,37,34,33,31
394460,98,"Chattanooga, TN",Msa,TN,35,32,33,34,36,35,35,33,35,33,34,34,36,32,32,33,34,35,34,33,34,33,33,33,35,29,30,35,35,34,35,36,37,37,35,36,37,34,34,35,34,37,36,35,35,36,36,37,39,34,34,33
395113,99,"Spokane, WA",Msa,WA,28,25,28,28,28,25,28,19,23,22,23,22,26,23,24,22,25,24,26,24,32,35,33,35,35,29,31,35,35,34,35,35,36,37,36,36,17,30,34,32,32,33,33,33,33,32,34,33,33,31,30,30
395006,100,"Provo, UT",Msa,UT,29,30,30,29,30,30,30,29,29,29,27,29,29,28,27,29,29,29,30,30,31,30,29,30,30,27,27,30,30,31,31,31,33,31,31,30,,,27,27,26,28,27,27,28,27,27,28,29,24,24,25
394768,101,"Lancaster, PA",Msa,PA,43,39,38,41,40,43,44,42,42,42,41,41,45,41,39,40,42,43,43,42,42,42,42,41,42,38,35,45,,42,43,45,46,30,42,44,45,42,41,41,41,43,43,44,43,44,43,43,42,41,39,36
394871,102,"Modesto, CA",Msa,CA,34,30,31,32,31,32,33,31,30,31,32,32,32,31,29,31,32,32,33,33,33,32,33,33,35,28,30,34,34,32,35,34,36,35,34,36,33,30,33,32,30,31,30,31,31,31,31,32,31,28,27,29
394997,103,"Portland, ME",Msa,ME,47,42,40,38,41,44,41,42,39,38,43,32,36,37,36,38,38,38,37,38,39,38,35,37,44,33,33,38,38,39,36,39,26,37,44,45,46,41,42,43,43,17,37,41,43,40,40,41,42,39,36,35
394549,104,"Durham, NC",Msa,NC,39,36,34,35,36,38,38,35,36,38,36,36,38,34,34,34,36,37,35,35,37,36,36,37,41,32,33,40,37,37,37,37,36,37,36,36,39,33,33,33,33,35,32,32,32,33,32,33,35,31,30,31
395068,105,"Santa Rosa, CA",Msa,CA,30,27,26,26,26,28,29,26,27,28,28,28,29,27,28,27,29,29,29,28,30,29,30,29,30,28,26,30,29,29,30,30,32,32,30,30,31,28,29,28,28,29,29,28,29,28,28,29,30,24,23,25
394792,106,"Lexington, KY",Msa,KY,40,35,38,37,39,42,39,37,38,37,36,36,37,34,34,38,38,38,39,35,38,39,37,38,39,32,33,40,42,40,41,42,44,43,40,42,44,41,40,38,39,39,39,38,38,36,35,35,38,31,31,32
394770,108,"Lansing, MI",Msa,MI,28,25,27,28,29,29,30,27,27,27,26,27,30,28,23,24,26,25,28,24,24,24,24,27,25,17,22,30,31,27,29,30,31,28,28,28,27,30,39,37,30,32,30,30,27,29,26,35,41,35,33,32
394590,109,"Fayetteville, AR",Msa,AR,39,36,37,30,31,38,39,43,36,37,35,35,38,35,35,36,38,35,37,36,37,36,35,34,37,35,36,38,40,38,38,36,39,42,37,37,42,37,39,35,38,40,35,37,35,32,39,35,32,37,36,32
394971,110,"Pensacola, FL",Msa,FL,27,33,38,37,34,37,39,33,38,38,38,34,30,37,37,38,41,40,39,37,38,37,35,34,40,35,34,40,38,41,33,35,30,38,39,39,38,38,34,39,31,23,37,41,40,37,37,40,41,33,35,32
395195,111,"Visalia, CA",Msa,CA,44,33,38,35,36,36,37,34,32,36,34,28,34,28,29,31,31,34,33,34,33,35,35,36,38,29,30,38,37,35,37,40,40,41,42,43,44,37,36,39,39,38,36,35,35,36,35,35,39,32,33,33
395096,112,"Shreveport, LA",Msa,LA,,,,,,,,,,,,,,,,,,,,,,,,,,,29,34,35,35,46,35,39,38,36,44,12,29,41,37,37,37,36,39,37,35,37,34,36,33,28,34
395116,113,"Springfield, MO",Msa,MO,36,34,35,36,36,38,35,35,34,34,33,32,35,35,33,36,36,36,34,35,36,35,35,36,37,32,31,38,39,39,39,39,40,41,41,40,42,38,38,37,38,37,38,38,37,37,37,36,37,34,33,34
395244,114,"York, PA",Msa,PA,41,34,36,41,41,41,43,44,41,41,38,41,42,42,37,39,39,39,42,41,43,40,42,39,44,36,34,43,53,41,42,44,44,31,42,44,46,43,40,42,42,44,44,43,44,46,43,45,46,40,38,37
394502,115,"Corpus Christi, TX",Msa,TX,27,26,24,26,27,27,27,25,28,26,24,24,26,24,23,25,27,26,26,25,26,27,27,26,26,19,24,30,29,31,38,40,39,39,41,39,39,36,40,38,39,39,39,37,37,37,36,37,37,33,33,34
394596,116,"Flint, MI",Msa,MI,40,35,36,36,38,39,40,40,37,37,38,34,38,33,35,34,35,36,36,37,38,38,36,36,35,32,27,41,47,36,41,40,42,41,40,43,34,31,35,35,35,36,35,36,37,39,36,38,37,29,30,30
395019,117,"Reno, NV",Msa,NV,36,35,35,34,35,34,36,34,34,34,35,33,34,33,32,33,35,35,35,34,36,34,34,36,18,25,31,37,35,34,36,38,36,38,39,39,38,33,34,33,31,34,32,32,33,32,33,33,34,30,30,31
394338,118,"Asheville, NC",Msa,NC,40,35,34,36,37,39,39,38,39,38,36,38,41,36,38,36,38,38,39,39,39,39,38,39,43,35,30,42,39,39,41,41,42,42,42,42,45,38,42,42,38,41,39,39,39,39,39,40,43,37,35,34
394995,119,"Port St. Lucie, FL",Msa,FL,36,30,31,35,35,37,35,34,34,33,32,31,30,29,29,33,33,33,34,33,38,34,33,33,31,25,28,39,33,34,34,37,36,37,38,34,17,,38,40,39,39,38,37,36,36,38,38,38,36,36,33
753917,120,"Santa Maria-Santa Barbara, CA",Msa,CA,36,29,30,30,30,33,33,30,30,30,31,33,37,29,31,30,31,30,31,32,34,34,32,33,38,28,29,34,34,32,32,32,33,35,35,35,35,30,30,31,30,31,29,30,30,30,29,30,32,29,28,29
394698,121,"Huntsville, AL",Msa,AL,23,27,22,34,35,37,33,33,35,33,32,35,37,34,34,34,37,35,35,35,37,34,34,33,35,33,35,39,38,38,37,38,40,37,38,34,,,35,35,33,35,35,34,35,35,33,34,35,32,31,31
394612,122,"Fort Wayne, IN",Msa,IN,35,30,34,33,35,35,35,34,33,31,34,29,35,31,40,33,33,34,34,40,33,36,37,33,36,32,30,33,30,19,34,37,30,35,32,32,14,29,31,32,31,32,31,31,31,32,31,31,31,29,28,30
395050,123,"Salinas, CA",Msa,CA,37,30,32,31,31,34,32,33,32,34,29,31,32,31,30,32,32,34,34,33,35,33,33,36,37,30,29,39,35,32,33,33,37,35,35,35,36,31,35,35,32,33,33,32,31,32,32,30,34,29,27,29
395183,124,"Vallejo, CA",Msa,CA,34,31,28,30,29,32,30,29,29,29,29,29,31,29,29,29,30,30,29,30,32,33,31,31,32,29,28,31,32,31,31,32,33,34,31,33,33,30,27,23,28,30,29,28,29,29,29,29,29,27,25,23
394870,125,"Mobile, AL",Msa,AL,,,,,,,,,,,,,,,,,,,,,,,,,,,,,,,,,19,33,36,34,16,31,35,38,39,35,36,38,41,38,36,36,38,38,36,34
395015,126,"Reading, PA",Msa,PA,44,43,38,43,44,47,43,46,44,40,44,39,42,41,41,41,40,43,43,41,39,41,45,41,44,41,36,43,54,40,42,46,44,31,44,45,49,43,43,43,43,44,45,45,46,45,43,45,46,44,41,37
394746,128,"Killeen, TX",Msa,TX,35,35,33,35,37,37,35,35,34,32,32,32,33,32,32,33,35,36,35,34,33,34,33,33,36,30,31,36,34,37,37,37,36,36,36,36,35,34,39,35,35,36,36,34,36,35,34,35,35,32,30,31
394439,129,"Canton, OH",Msa,OH,30,27,27,28,30,31,29,31,31,30,28,27,29,27,26,28,31,30,29,28,30,29,28,29,31,25,27,35,37,35,35,37,32,37,37,38,30,32,37,37,37,37,36,36,36,36,37,36,37,34,32,32
394372,130,"Beaumont, TX",Msa,TX,44,36,34,40,40,42,37,36,37,40,38,37,37,35,35,36,33,35,37,40,39,38,38,36,36,23,30,36,34,36,40,39,46,43,41,40,47,37,42,40,40,42,40,39,41,38,41,39,39,34,36,31
395048,132,"Salem, OR",Msa,OR,38,33,33,34,34,34,34,32,32,32,35,32,32,30,30,32,31,32,28,35,36,36,33,36,39,31,29,35,34,36,37,39,38,39,38,37,24,25,35,36,35,36,37,36,36,35,35,36,37,34,31,32
394972,135,"Peoria, IL",Msa,IL,34,28,32,34,33,35,34,32,32,32,31,32,30,32,32,28,33,35,33,34,35,33,34,33,34,22,28,37,38,38,38,38,40,38,37,36,38,37,37,37,39,40,39,37,38,36,37,34,38,33,35,32
394898,136,"Myrtle Beach, SC",Msa,SC,41,35,34,36,36,39,38,37,41,43,35,35,40,33,35,35,36,37,37,36,40,37,35,35,40,28,28,30,34,37,39,42,44,43,44,43,46,41,43,42,42,43,43,41,41,41,42,41,45,40,39,37
394875,137,"Montgomery, AL",Msa,AL,33,29,31,32,31,33,34,30,30,31,32,34,31,16,27,32,34,36,35,33,34,31,34,34,35,29,28,35,32,35,37,36,39,39,38,38,41,33,36,36,36,38,37,37,35,36,36,35,35,32,31,33
395051,138,"Salisbury, MD",Msa,DE,42,37,37,40,43,29,36,41,44,41,40,42,43,38,35,39,41,40,38,42,41,43,42,44,47,35,34,44,44,41,41,45,44,31,44,48,50,47,44,45,43,44,43,44,45,45,44,43,48,41,37,37
394658,139,"Gulfport, MS",Msa,MS,,,,,,,,,,,,,,,,,,,,,,,,,,,,,33,37,37,48,25,35,44,46,26,30,28,35,34,36,38,31,24,14,32,38,38,35,36,36
395146,140,"Tallahassee, FL",Msa,FL,39,37,34,37,40,42,39,36,37,40,38,35,37,36,34,37,36,37,36,35,36,37,37,35,36,30,32,38,37,38,38,39,39,40,40,40,42,35,38,39,38,38,38,37,37,38,37,38,40,35,34,33
395164,141,"Trenton, NJ",Msa,NJ,46,49,41,47,49,49,46,48,47,49,49,49,50,40,43,44,48,51,50,49,47,46,45,44,50,44,38,46,58,49,47,48,50,48,51,54,51,50,50,49,49,53,53,52,49,51,47,49,57,48,44,47
394589,142,"Fayetteville, NC",Msa,NC,39,35,34,35,36,38,37,36,39,39,33,34,35,34,33,35,37,38,37,35,37,35,37,37,37,32,31,38,38,40,39,38,40,39,38,39,41,36,36,37,37,40,42,39,41,40,40,40,42,37,34,35
394679,143,"Hickory, NC",Msa,NC,40,19,31,35,37,38,37,36,36,37,37,36,39,35,34,35,38,38,39,38,39,38,38,40,41,31,35,41,37,40,40,41,43,41,40,41,44,36,38,40,38,38,38,39,38,36,37,37,40,33,33,36
394576,145,"Eugene, OR",Msa,OR,39,35,36,36,37,37,35,35,35,34,34,34,38,35,35,33,35,34,34,35,37,36,35,36,39,30,31,37,35,36,35,37,38,39,36,37,38,33,33,33,32,33,33,32,32,33,34,34,34,30,30,30
395033,146,"Rockford, IL",Msa,IL,36,34,38,36,40,42,38,36,41,38,37,37,38,36,33,36,38,39,38,39,38,36,35,37,39,29,32,38,39,41,41,42,41,41,39,40,40,36,40,39,39,41,39,39,37,37,38,37,39,36,36,34
395070,147,"Savannah, GA",Msa,GA,36,31,33,35,36,36,35,35,35,33,35,32,35,33,32,35,37,35,35,32,36,35,35,34,36,30,30,37,35,35,36,36,39,37,36,35,37,35,35,37,34,35,33,33,33,32,31,34,35,33,31,31
394332,148,"Ann Arbor, MI",Msa,MI,41,35,36,35,38,41,41,37,37,37,38,38,40,32,34,35,36,35,35,35,35,36,34,32,36,27,28,37,39,33,36,35,19,,37,36,29,31,36,36,35,37,34,33,29,22,28,37,41,27,32,30
394927,149,"Ocala, FL",Msa,FL,40,35,36,38,39,40,39,39,38,37,37,36,36,34,35,38,37,35,37,39,37,38,36,37,38,34,36,41,42,37,40,40,43,42,41,40,41,36,39,41,39,41,40,39,38,39,39,38,40,36,37,35
394732,150,"Kalamazoo, MI",Msa,MI,43,36,42,41,41,42,41,42,41,39,39,40,38,37,38,40,39,42,41,39,39,40,40,40,44,35,33,42,49,,,42,43,43,41,41,41,39,39,40,40,39,40,40,42,42,40,41,46,38,36,32
394901,151,"Naples, FL",Msa,FL,42,34,29,26,40,44,42,40,41,41,38,34,40,35,36,39,42,42,42,41,41,38,38,38,40,31,30,44,45,38,41,43,43,42,42,41,41,37,42,45,46,45,44,43,43,41,41,40,42,37,41,39
395107,152,"South Bend, IN",Msa,IN,,,,,,,,,,,,,,31,33,32,30,37,36,33,38,33,37,30,20,35,26,31,27,18,32,35,23,33,34,35,15,28,32,33,32,34,34,34,33,32,33,33,33,30,29,31
395109,153,"Spartanburg, SC",Msa,SC,42,39,38,38,38,42,37,39,37,36,36,33,31,33,36,35,36,36,38,37,37,34,35,37,40,32,35,39,40,41,41,42,31,37,41,44,40,35,40,38,33,33,38,40,38,38,37,39,38,37,35,33
394579,154,"Evansville, IN",Msa,IN,,,,,,,,,,,,,,25,30,40,32,35,32,35,31,37,40,38,38,26,32,31,40,20,38,40,42,38,42,39,13,31,35,37,34,35,34,33,34,33,32,33,33,31,31,31
394747,155,"Kingsport, TN",Msa,TN,42,35,36,37,38,42,38,36,39,38,36,36,38,36,32,35,36,36,38,37,38,39,38,40,38,32,30,39,42,41,42,41,42,43,41,41,43,38,39,42,40,41,41,39,40,41,40,39,43,40,36,36
395028,156,"Roanoke, VA",Msa,VA,,,,,,,,,,,8,23,39,38,36,37,40,40,39,37,38,38,39,38,41,30,33,40,42,41,41,42,42,42,42,41,45,39,40,40,38,41,38,39,38,41,37,37,41,38,34,
394646,157,"Green Bay, WI",Msa,WI,11,17,13,14,11,16,13,13,14,14,11,9,11,9,8,14,10,11,10,7,10,9,8,7,8,7,10,7,8,6,11,8,10,8,8,7,8,7,10,7,9,8,8,8,9,11,8,10,11,14,10,7
394796,158,"Lincoln, NE",Msa,NE,,,,,,,,,,,,,,,35,25,38,37,38,39,41,34,39,37,38,34,33,38,44,41,41,44,31,39,41,42,11,,39,39,38,38,37,38,39,37,36,36,37,34,34,33
394602,159,"Fort Collins, CO",Msa,CO,37,34,32,33,36,35,34,34,35,38,39,36,32,31,33,34,14,29,35,33,34,35,34,36,36,32,32,36,36,36,35,36,37,37,36,35,31,32,31,30,27,27,28,23,20,32,33,33,32,32,31,25
395179,160,"Utica, NY",Msa,NY,,,,51,48,49,46,49,36,15,29,49,55,43,47,45,48,53,63,67,68,70,65,64,65,64,58,57,64,60,58,63,73,72,76,75,78,77,65,65,67,69,72,75,74,71,73,74,79,80,70,63
394488,161,"Columbus, GA",Msa,GA,,35,37,37,41,37,33,36,39,36,38,42,32,30,31,35,35,41,38,34,33,32,35,34,29,26,34,35,45,42,35,36,35,33,35,33,35,31,32,18,31,36,35,34,33,32,33,33,38,34,34,32
394405,162,"Boulder, CO",Msa,CO,35,34,31,30,33,34,33,33,33,33,33,31,36,30,30,32,26,28,33,34,34,35,35,36,40,30,31,34,33,33,33,33,34,33,32,34,31,32,28,27,23,28,27,26,20,31,33,31,33,28,24,18
394808,163,"Lubbock, TX",Msa,TX,,,,,,,,,,,,,,,,,,,,,,,,,,,,,,,,,,,,,,,,,,,,,,,,,,,31,31
394572,164,"Erie, PA",Msa,PA,48,42,40,42,46,48,43,43,36,41,42,39,43,40,39,39,42,43,41,38,41,39,29,39,39,36,30,46,56,42,44,44,45,46,47,46,49,43,44,46,44,48,48,44,45,44,44,44,43,44,42,42
394609,165,"Fort Smith, AR",Msa,AR,35,31,31,32,31,33,35,33,35,31,33,29,30,30,32,31,32,34,31,31,33,30,32,33,32,28,28,34,32,33,35,38,37,38,36,37,39,39,35,35,36,34,37,36,36,33,36,34,36,31,34,40
394543,166,"Duluth, MN",Msa,MN,42,40,39,38,41,41,39,38,39,39,40,37,40,42,39,39,41,41,40,40,39,41,38,38,42,35,33,44,42,43,43,44,45,43,44,44,43,42,42,42,45,46,43,44,40,43,40,40,42,38,39,38
394348,167,"Atlantic City, NJ",Msa,NJ,,,,,,,,53,60,52,52,58,44,43,40,40,49,56,46,50,47,61,54,59,58,50,36,55,45,43,45,32,49,50,60,60,71,63,51,51,65,73,75,73,71,74,73,70,82,80,37,32
394924,168,"New London, CT",Msa,CT,21,31,39,43,47,47,49,46,48,45,43,46,47,44,46,43,46,46,48,47,45,46,45,45,49,44,36,46,47,43,46,48,45,49,48,46,44,39,46,47,46,46,46,47,45,45,45,44,47,43,42,39
395061,169,"San Luis Obispo, CA",Msa,CA,39,35,36,32,34,37,37,33,35,35,36,35,38,31,33,32,34,36,35,34,36,38,35,37,35,30,30,40,38,32,35,36,36,40,38,40,41,31,33,33,32,34,34,31,31,32,32,33,33,29,29,29
394622,170,"Gainesville, FL",Msa,FL,41,32,28,33,38,41,37,38,36,33,36,35,33,34,38,34,40,38,36,37,39,35,36,37,38,31,33,39,42,39,41,42,42,41,42,39,43,43,27,31,41,40,40,39,39,38,39,40,40,35,35,34
395065,171,"Santa Cruz, CA",Msa,CA,33,28,26,28,26,27,29,29,30,29,30,30,31,30,28,29,29,29,30,30,30,31,30,30,32,27,28,33,28,30,30,31,33,30,30,33,30,29,29,29,29,29,30,28,29,29,30,29,28,27,29,28
394471,172,"Clarksville, TN",Msa,TN,39,31,33,34,36,38,37,35,34,34,34,36,35,32,32,36,37,35,33,25,33,35,33,33,36,28,27,32,30,33,35,28,31,31,34,34,,,37,35,35,37,37,36,37,37,37,38,38,36,35,32
394851,174,"Merced, CA",Msa,CA,37,30,34,31,34,38,35,35,32,34,36,32,36,32,32,32,32,35,33,37,38,35,30,35,38,30,30,38,36,38,35,37,39,37,36,39,35,34,37,33,34,34,32,31,32,32,33,34,34,31,28,29
395229,175,"Wilmington, NC",Msa,NC,38,36,36,35,36,38,37,35,42,45,33,35,37,33,34,35,36,36,35,35,38,35,36,35,40,31,31,39,39,37,37,39,40,39,39,38,41,38,37,36,37,37,36,35,35,36,35,34,38,32,31,32
394741,176,"Kennewick, WA",Msa,WA,39,28,34,34,38,38,38,37,37,36,35,34,39,34,35,34,35,36,37,36,39,38,37,38,38,34,34,39,38,39,38,40,40,39,39,38,41,37,37,38,38,38,36,36,36,35,36,35,39,33,32,32
394645,177,"Greeley, CO",Msa,CO,36,33,36,35,35,35,34,35,35,36,35,33,37,32,31,35,24,31,34,35,35,34,34,35,36,32,32,36,39,35,36,37,39,36,36,37,36,32,31,32,31,30,33,31,24,33,34,34,33,33,30,27
395197,178,"Waco, TX",Msa,TX,33,29,28,30,35,33,39,9,23,31,31,31,31,30,29,31,32,34,32,32,33,33,32,32,33,27,28,36,34,34,34,33,35,34,33,35,35,36,37,34,34,35,34,35,34,33,34,36,37,32,32,32
394323,180,"Amarillo, TX",Msa,TX,32,31,30,31,32,35,32,30,31,30,31,29,30,31,30,31,32,32,30,31,30,29,30,31,33,26,28,34,31,33,34,34,33,34,32,32,33,32,32,32,32,36,33,33,33,31,31,32,33,31,30,31
394387,181,"Binghamton, NY",Msa,NY,46,43,43,39,48,49,48,47,47,44,45,42,46,43,42,36,41,39,45,46,37,40,41,38,50,35,33,47,54,40,43,53,48,55,63,64,66,59,53,56,55,61,61,62,64,63,60,58,63,59,56,59
394660,182,"Hagerstown, WV",Msa,MD,35,31,25,30,29,36,40,39,41,40,38,38,40,40,36,37,38,39,39,39,41,38,40,39,42,32,32,40,43,40,42,42,44,36,42,44,47,42,41,39,39,39,40,39,40,40,39,39,41,40,36,32
395240,186,"Yakima, WA",Msa,WA,39,33,33,39,38,41,39,36,39,38,36,38,38,36,34,32,36,38,37,36,41,41,39,39,43,36,32,43,40,40,40,42,46,44,44,44,45,41,39,41,44,42,42,41,42,42,40,42,43,38,37,35
753875,187,"Crestview-Fort Walton Beach-Destin, FL",Msa,FL,38,34,35,37,27,33,39,35,37,37,36,36,37,33,34,36,37,36,37,36,36,35,39,37,41,34,33,39,36,37,37,38,40,41,38,40,40,40,39,41,,,,40,40,40,39,39,41,38,37,36
394813,189,"Macon-Bibb County, GA",Msa,GA,35,34,32,37,38,32,32,35,35,31,33,34,37,31,32,32,34,37,35,33,34,34,33,32,38,24,29,36,35,38,36,38,37,39,38,38,39,35,35,36,35,36,35,34,38,33,33,35,34,31,29,27
394454,190,"Champaign-Urbana, IL",Msa,IL,43,38,41,43,47,47,44,41,41,40,39,40,43,42,41,39,44,46,45,40,42,40,40,39,42,34,31,44,48,46,46,46,47,46,46,43,45,36,43,44,46,47,44,43,43,40,42,37,41,40,39,38
395171,191,"Tuscaloosa, AL",Msa,AL,33,34,34,35,35,40,39,35,36,35,40,35,34,33,32,34,36,34,35,32,32,32,36,36,36,31,30,35,38,38,37,39,38,38,38,40,41,34,38,38,36,38,38,37,34,37,36,39,36,35,34,32
394483,192,"College Station, TX",Msa,TX,36,30,35,30,35,39,35,31,40,35,36,29,25,28,25,30,15,26,35,33,34,34,33,31,38,26,32,39,37,37,37,38,38,39,37,35,41,38,38,38,42,39,34,33,29,30,32,32,35,32,28,34
394464,196,"Chico, CA",Msa,CA,35,29,30,30,33,34,31,32,30,33,31,27,30,29,29,30,30,30,32,30,31,33,31,32,33,28,29,34,37,32,34,35,35,36,33,35,33,31,31,31,32,32,30,30,31,30,31,31,29,29,28,29
394459,197,"Charlottesville, VA",Msa,VA,33,38,42,40,45,45,44,41,42,43,40,37,40,41,42,40,46,47,42,43,44,39,46,42,45,42,40,45,45,47,45,42,48,38,44,50,,,43,44,45,44,45,43,42,39,42,42,44,37,37,37
394468,198,"Claremont, NH",Msa,NH,,,,,,,,,,,,,,,,,,,,,,,,,,,,,,,,,15,38,57,59,60,58,53,57,55,57,57,55,55,52,49,53,50,54,49,
394361,199,"Barnstable Town, MA",Msa,MA,53,44,41,43,38,41,44,43,44,42,46,45,48,44,44,46,45,45,43,44,46,45,45,44,50,30,29,43,40,35,33,41,43,43,44,47,47,44,46,45,44,44,43,46,46,44,47,45,50,45,43,43
394803,200,"Longview, TX",Msa,TX,,,,,,,,,,,,,,,,,,,,,,,,,,,,,,,,,,,,,,,,10,21,30,26,24,30,25,31,25,26,29,26,22
394429,201,"Burlington, VT",Msa,VT,,,,,,,,,,,,,,,,,,,,,,,,,,,,,58,52,51,50,25,42,55,57,53,41,51,53,54,55,56,54,52,,,,,,,
395002,202,"Prescott, AZ",Msa,AZ,39,34,35,34,36,37,34,35,34,34,34,34,36,33,34,33,33,34,34,35,34,35,33,37,37,30,30,39,35,33,25,32,37,39,39,37,39,36,33,32,32,34,34,34,33,34,34,34,35,33,30,30
395174,204,"Tyler, TX",Msa,TX,,,,,,,,,,,,,,,,,,,,,,,,,,,,,,,,,,,,,,,31,31,30,31,28,26,28,29,35,39,39,34,28,31
395030,208,"Rochester, MN",Msa,MN,37,37,37,38,42,41,39,38,38,36,34,32,39,28,32,33,36,41,38,36,35,35,34,33,36,29,29,37,40,42,38,41,37,37,38,37,36,37,39,39,41,45,41,38,39,36,34,37,35,38,34,34
394597,209,"Florence, SC",Msa,SC,,,,,,,,,,,,,,,,,,,,,,,,,,,,,,,,,,,,13,37,40,41,42,41,44,40,38,37,37,39,40,44,34,37,37
394848,210,"Medford, OR",Msa,OR,38,39,40,40,41,40,40,39,26,35,35,32,36,34,34,32,35,36,34,38,34,38,36,38,37,34,28,35,22,37,38,40,40,40,41,42,42,39,41,39,38,38,41,38,38,35,38,36,39,34,34,35
753895,211,"Lafayette-West Lafayette, IN",Msa,IN,,,,,,,,,,,,,,,,,,,,,,,,,,,30,35,31,20,34,35,26,34,37,35,17,31,36,33,36,36,34,33,33,34,32,33,33,31,29,32
394765,213,"Lake Havasu City, AZ",Msa,AZ,40,35,28,30,37,36,24,34,37,34,35,32,37,33,33,34,35,36,35,35,35,34,34,35,36,25,29,37,35,35,39,39,39,39,41,39,41,36,41,37,41,40,39,38,37,36,36,36,37,35,34,36
395047,214,"Saginaw, MI",Msa,MI,36,31,34,35,38,39,35,36,37,35,35,36,32,32,30,33,34,36,36,37,37,37,37,39,37,27,31,40,45,37,42,42,44,44,43,41,39,37,40,39,37,40,36,36,37,37,33,30,35,32,29,31
394763,215,"Lake Charles, LA",Msa,LA,,,,,,,,,,,,,,,,,,,,,,,,,,,,,,,,,,45,45,46,48,40,42,41,42,44,42,42,38,40,41,37,42,36,43,
394726,216,"Johnson City, TN",Msa,TN,40,36,34,39,38,42,39,37,37,34,36,38,39,34,36,36,38,38,40,38,38,40,38,40,39,33,32,41,40,41,39,40,40,41,42,41,44,39,39,41,39,39,39,38,40,37,38,41,41,38,34,36
394565,217,"Elkhart, IN",Msa,IN,,,,,,,,,,,,,,,,,,,,,,,,,,,,,,19,35,38,21,37,37,39,16,33,32,34,34,33,35,35,34,33,33,34,35,32,32,30
395247,218,"Yuma, AZ",Msa,AZ,,,,,,,,,,,,,,,,,,,,,,,,,,,,,,,,,25,43,42,47,52,36,36,27,43,44,43,41,41,40,39,41,39,34,37,40
395011,219,"Racine, WI",Msa,WI,,,,,,,,,,,,,,,,,,,,,,,,,,,,,,,,,,,,,,,30,36,25,14,28,33,23,27,29,33,20,34,28,31
394346,220,"Athens, GA",Msa,GA,30,24,28,29,35,30,28,28,27,31,27,25,32,27,26,29,32,32,29,28,29,28,29,28,30,21,24,30,25,27,29,25,29,28,28,27,29,29,30,31,31,31,30,29,31,30,29,30,35,30,29,29
395162,221,"Torrington, CT",Msa,CT,14,28,37,38,42,47,49,48,51,50,47,48,52,46,44,46,47,51,48,52,49,49,48,48,54,45,36,46,49,46,51,53,51,49,47,51,52,44,47,52,50,51,52,52,49,50,49,49,53,50,46,42
395118,222,"St. Cloud, MN",Msa,MN,35,29,34,36,37,38,35,37,33,31,35,33,38,24,31,35,36,37,35,36,33,35,34,31,37,31,28,37,38,37,36,38,38,36,35,38,37,35,37,38,43,43,40,40,42,40,38,35,39,33,33,35
394681,223,"Hilton Head Island, SC",Msa,SC,49,43,43,42,38,45,43,42,49,44,43,42,45,41,41,43,43,43,43,44,46,43,42,45,48,38,33,45,46,39,43,45,49,45,46,46,48,42,44,45,48,47,48,45,43,46,45,43,46,42,42,39
753869,224,"Bloomington, IL",Msa,IL,,,,,,,,,,,,,14,27,41,42,44,45,43,42,44,44,43,42,46,38,35,43,45,46,45,46,46,46,45,43,47,35,44,47,46,47,46,47,47,46,39,39,41,40,39,38
394680,225,"Hilo, HI",Msa,HI,47,46,38,43,48,47,45,45,45,45,44,44,46,43,45,46,44,49,46,49,48,46,48,45,51,44,37,44,53,45,49,47,47,50,48,49,51,47,48,49,50,50,50,49,51,50,46,49,52,48,46,46
394960,226,"Panama City, FL",Msa,FL,35,33,33,33,34,35,35,38,37,37,41,35,40,36,32,33,32,31,34,35,36,36,37,31,37,30,29,39,39,37,35,40,37,44,39,43,,22,36,41,43,43,41,43,42,41,42,40,43,40,38,35
394748,227,"Kingston, NY",Msa,NY,43,41,34,41,38,35,36,40,43,37,38,36,37,38,36,35,36,39,40,42,41,43,43,39,45,43,24,43,49,46,44,46,54,55,58,61,59,56,61,56,56,55,55,56,57,51,54,61,58,64,55,56
394519,228,"Daphne, AL",Msa,AL,,,,,,,,,,,,,,,,,,,,,,,,,,,,,,,,,14,39,48,43,9,29,39,38,37,38,38,38,38,37,36,38,38,35,36,34
394623,229,"Gainesville, GA",Msa,GA,30,31,28,33,30,31,32,30,30,30,30,29,29,27,29,31,30,31,29,30,33,30,30,30,30,18,27,30,28,29,30,30,33,32,31,29,30,29,30,30,32,31,28,30,29,28,28,29,33,29,28,29
395202,230,"Warner Robins, GA",Msa,GA,39,34,32,35,36,36,34,32,34,36,34,32,35,31,33,35,34,37,35,34,34,36,35,33,36,30,28,35,34,34,34,36,34,35,37,35,38,33,32,33,35,37,33,34,33,34,36,37,37,26,30,30
394716,232,"Jacksonville, NC",Msa,NC,39,33,33,35,37,39,37,34,39,44,35,35,36,33,34,35,37,38,37,36,36,36,36,36,37,30,31,38,39,39,40,39,39,38,38,38,40,35,37,37,39,40,39,36,36,35,35,35,37,34,32,35
394729,235,"Joplin, MO",Msa,MO,34,29,29,32,34,37,35,37,33,31,31,35,29,29,32,32,35,34,33,32,36,33,35,40,39,34,30,40,34,37,35,35,36,38,39,41,42,37,42,39,42,42,39,41,42,39,41,39,35,41,34,36
395151,237,"Terre Haute, IN",Msa,IN,,,,,,,,,,,,,,,,,,,,,,,,,,,30,39,32,32,42,41,37,38,38,35,36,36,39,33,33,38,36,38,37,38,37,39,38,36,31,33
394896,238,"Muskegon, MI",Msa,MI,40,35,37,36,38,41,41,38,39,36,36,43,38,34,36,34,37,35,36,37,36,40,39,38,36,30,29,38,44,,,41,41,42,40,40,38,39,36,35,37,36,37,37,37,41,37,39,39,34,30,28
394553,239,"East Stroudsburg, PA",Msa,PA,,,,,,,,,,,,,,,,,,,,,,,,,,,,,,,,,,,,,17,34,43,44,42,43,46,46,45,49,50,43,48,37,40,37
394651,241,"Greenville, NC",Msa,NC,41,36,37,38,41,42,39,39,39,38,36,35,39,36,37,39,37,39,39,38,41,37,39,36,41,34,35,42,37,39,41,40,43,41,41,40,43,38,37,40,38,39,37,37,38,39,37,38,42,40,33,35
394299,245,"Abilene, TX",Msa,TX,,,,,,,,,,,,,,,,,,,,,,,,,,,,,,,,,,,,,,,,,,,,,,,,,,28,24,32
394485,246,"Columbia, MO",Msa,MO,,,,,,,,,,,,,,,,,,,,,,,,,,,,,,,,,,,,,,,,,,,,,,,,,,43,42,35
394539,247,"Dover, DE",Msa,DE,42,41,41,43,41,42,44,44,43,43,41,41,36,42,35,40,41,42,40,42,46,40,45,38,42,36,34,45,44,43,42,45,45,31,43,46,46,45,43,43,44,43,43,43,45,44,43,42,45,39,39,38
394555,248,"Eau Claire, WI",Msa,WI,,,,,,,,,,,,,,,,,,,,,,,,,,,,,,,,,,,,,,,,34,30,22,31,27,23,32,20,16,21,16,30,26
394720,249,"Janesville, WI",Msa,WI,25,29,28,25,21,25,22,24,17,16,22,26,21,23,17,20,22,31,30,29,27,18,19,29,23,9,14,26,33,21,26,33,20,23,27,21,26,29,31,35,18,34,33,31,31,33,25,30,34,28,17,28
394710,250,"Jackson, MI",Msa,MI,37,33,35,35,40,40,39,37,40,38,37,40,39,41,33,25,36,41,39,36,38,38,37,37,39,28,28,41,39,36,40,42,41,41,39,44,41,38,42,41,38,43,45,14,,31,25,34,36,28,24,23
395009,251,"Punta Gorda, FL",Msa,FL,37,36,35,38,41,41,39,40,40,39,38,34,38,33,35,34,38,40,37,36,36,29,35,35,38,29,32,39,38,38,39,40,42,40,40,38,38,35,37,39,39,38,40,38,37,36,36,36,37,33,32,33
394393,252,"Bloomington, IN",Msa,IN,,,,,,,,,,,,,,,,,,,,,,,,,,,,,,17,15,38,8,5,21,4,10,28,34,37,39,36,36,33,33,34,32,34,36,34,31,32
395007,253,"Pueblo, CO",Msa,CO,,,,,,,,,,,,,,,,,,,,,,,,,,,,,30,35,36,37,22,33,35,36,18,30,34,33,32,33,33,34,35,35,35,33,36,33,33,30
394380,256,"Bend, OR",Msa,OR,38,34,38,38,38,38,38,37,36,35,34,36,40,33,37,35,36,36,37,35,38,35,36,36,39,31,31,39,38,37,37,38,40,39,41,39,40,35,36,36,35,35,35,36,37,38,36,37,39,35,34,32
395193,258,"Vineland, NJ",Msa,NJ,,,,,,,,,,,,,,,32,30,30,39,35,36,39,36,29,43,33,20,30,32,43,41,38,35,38,24,39,42,49,41,44,41,45,48,44,44,42,42,41,41,42,37,36,36
394917,259,"Niles, MI",Msa,MI,,,,,,,,,,,,,,,,,,,,,,,,,,,,,,9,21,29,22,35,30,29,28,15,24,30,23,24,26,27,25,20,15,34,40,28,19,25
394731,260,"Kahului, HI",Msa,HI,48,43,44,42,44,48,49,45,46,49,43,44,46,43,45,45,45,48,45,43,48,44,47,43,49,46,33,48,51,48,44,50,44,44,47,48,45,42,45,48,50,49,51,51,46,45,45,46,55,46,45,46
394946,261,"Ottawa, IL",Msa,IL,38,38,38,38,43,41,42,38,42,41,40,42,41,41,42,39,40,43,42,38,40,42,43,44,45,35,28,43,45,44,43,44,45,45,45,47,43,33,40,41,43,43,46,45,44,44,40,41,41,36,39,37
394359,263,"Bangor, ME",Msa,ME,,,,,,,,,,,,33,35,39,39,40,36,40,40,40,37,39,32,33,38,24,41,36,36,43,39,41,27,38,46,44,45,43,44,42,42,42,41,43,43,43,43,42,41,40,38,38
394523,265,"Decatur, AL",Msa,AL,,,,,,,,,,,,,,,,,,,,,,37,39,24,28,26,32,33,36,35,33,40,45,41,38,31,14,,40,36,37,34,38,36,38,34,35,37,37,34,32,32
394662,266,"Hanford, CA",Msa,CA,,,,,,,,,,,,,,,,,,,,,,,,,,,,,,,,,,,,43,41,35,42,40,35,47,36,39,38,34,35,35,36,29,31,35
395036,268,"Rocky Mount, NC",Msa,NC,43,44,38,42,43,42,43,41,44,42,36,38,39,37,41,37,43,43,40,42,41,37,44,45,49,28,36,45,44,44,42,43,45,45,43,46,45,41,42,41,42,43,43,41,41,41,42,43,46,42,37,38
394873,269,"Monroe, MI",Msa,MI,37,37,36,36,39,37,38,36,39,40,41,36,39,32,36,32,37,38,40,36,41,39,39,41,38,29,30,41,44,36,39,43,43,41,42,44,45,37,40,37,43,38,38,38,37,39,36,38,35,31,28,26
394428,271,"Burlington, NC",Msa,NC,38,28,35,37,34,39,34,36,38,37,37,38,39,36,34,38,39,35,38,37,39,36,36,40,39,32,31,39,37,40,38,38,38,41,39,38,43,39,33,35,36,36,37,34,35,36,36,34,36,33,30,32
394814,272,"Madera, CA",Msa,CA,36,35,36,41,37,41,35,31,35,37,36,36,39,33,34,33,36,34,35,37,37,36,36,41,42,33,30,31,30,36,37,41,43,45,45,44,42,36,38,39,36,40,40,39,36,33,36,41,37,34,33,31
394723,273,"Jefferson City, MO",Msa,MO,,,,,,,,,,,,,,,,,,,,,,,,,,,,,,,,,,,,,,,,,,,,,,16,33,34,33,32,32,33
394453,274,"Chambersburg, PA",Msa,PA,48,41,38,41,37,42,43,45,40,44,40,42,44,39,43,41,40,42,41,40,40,42,42,40,47,39,35,44,54,48,43,48,47,34,44,45,48,46,42,44,41,44,44,43,44,42,43,43,45,39,37,37
394563,276,"Elizabethtown, KY",Msa,KY,,,,,,,,,,,,,,,,,,,,,,,,35,35,29,34,37,42,39,44,46,44,41,41,44,34,37,42,43,42,39,43,42,37,41,40,43,53,35,40,36
395000,277,"Pottsville, PA",Msa,PA,,,,,,,,,,,,,,,,,,,,,,,,,,,,,,42,39,44,37,29,42,42,46,35,37,35,38,43,43,43,38,46,44,40,38,35,35,38
395221,278,"Wheeling, OH",Msa,OH,46,17,36,37,44,42,37,43,44,38,38,35,44,35,31,35,41,39,31,42,39,35,39,37,38,19,21,50,46,41,43,44,48,46,48,48,27,34,44,42,49,47,51,47,47,44,51,47,41,44,42,42
394639,280,"Grand Junction, CO",Msa,CO,27,31,33,34,35,35,34,34,34,35,35,35,36,33,30,35,35,36,34,36,34,36,35,35,35,28,29,37,35,33,37,35,29,34,37,36,35,33,35,37,35,35,34,34,36,34,35,35,39,35,33,34
394537,282,"Dothan, AL",Msa,AL,,,,,,,,,,,,,,,,,,,,,,,,,,,,,,,,,,,,,,34,39,43,39,38,35,38,41,38,39,41,38,36,31,33
395066,283,"Santa Fe, NM",Msa,NM,,24,39,39,40,41,40,40,36,37,36,37,43,37,37,38,36,39,37,37,37,37,37,39,44,32,33,39,41,39,40,38,39,40,38,40,40,41,36,35,38,40,37,38,38,38,37,36,40,35,34,35
395163,285,"Traverse City, MI",Msa,MI,14,10,16,17,17,18,11,11,10,11,11,17,16,17,8,13,15,11,12,13,15,14,15,14,7,9,9,19,15,12,12,16,15,33,38,38,35,19,35,39,35,34,36,35,36,36,36,37,36,31,31,28
394515,287,"Dalton, GA",Msa,GA,38,36,30,29,29,31,28,32,33,34,31,31,35,31,28,29,32,33,35,36,36,34,31,36,31,10,26,31,32,35,38,36,39,34,39,36,37,32,34,34,35,36,35,34,34,31,33,35,40,35,34,32
394860,288,"Midland, TX",Msa,TX,,,,,,,,,,,,,,,,,,,,,,,,,,,,,,,,,,,,,13,30,37,37,38,39,36,36,38,36,36,36,38,34,35,35
394685,289,"Homosassa Springs, FL",Msa,FL,39,35,39,40,41,40,40,41,39,40,36,39,36,34,34,36,38,37,40,38,36,37,37,39,38,31,30,39,38,38,40,39,40,43,40,39,43,39,40,41,39,41,43,40,38,41,39,39,36,38,36,37
395182,291,"Valdosta, GA",Msa,GA,,,,,,,,,,,,,,,,,,,,,,,,,,,,,,,,,,,,,,,,,,,,,,,,,,,37,32
395117,293,"Springfield, OH",Msa,OH,34,31,33,35,35,38,35,37,36,34,35,35,33,33,34,33,38,37,38,38,38,36,36,37,36,31,31,38,40,38,42,41,40,41,42,43,42,37,37,39,41,39,36,37,39,40,38,38,38,38,35,33
395119,294,"St. George, UT",Msa,UT,36,31,34,33,32,33,33,29,34,31,29,27,35,33,32,32,34,31,36,36,37,34,29,31,30,19,29,29,38,31,31,32,32,32,32,35,23,27,27,29,27,29,28,28,28,31,28,31,28,27,26,26
395079,295,"Vero Beach, FL",Msa,FL,38,34,34,34,33,36,35,30,27,42,36,29,34,29,33,31,32,32,30,31,34,22,27,28,32,18,23,34,30,28,22,29,17,33,42,41,40,35,40,44,43,43,44,42,41,38,39,38,41,35,37,32
394900,297,"Napa, CA",Msa,CA,36,27,29,29,30,32,28,28,29,28,28,30,30,28,30,30,29,30,30,29,30,30,29,31,33,25,28,30,29,29,31,32,33,34,30,32,33,27,29,27,28,29,29,29,29,29,29,30,29,27,24,26
394368,299,"Battle Creek, MI",Msa,MI,37,39,35,39,39,42,44,44,39,37,45,38,36,33,36,39,33,39,41,39,41,41,37,39,42,33,28,43,48,,,45,47,44,44,43,41,41,39,38,39,43,43,41,44,45,43,45,42,40,36,32
394719,300,"Jamestown, NY",Msa,NY,53,42,45,41,48,44,44,46,50,49,45,46,49,52,48,51,52,50,49,44,54,50,54,55,47,52,25,46,59,57,56,54,57,61,68,63,70,67,63,67,66,72,71,69,67,76,71,65,76,79,66,66
395013,302,"Rapid City, SD",Msa,SD,37,36,41,36,42,42,42,41,42,37,38,37,40,38,38,40,41,39,40,41,42,43,40,41,45,39,37,42,43,42,45,48,50,49,49,50,50,52,42,36,45,47,44,46,49,47,47,47,47,45,43,40
394595,303,"Flagstaff, AZ",Msa,AZ,40,32,35,35,38,36,35,33,35,35,32,34,35,34,36,36,34,38,34,34,36,36,34,36,38,28,32,39,33,34,35,36,38,39,40,37,43,35,31,36,32,35,33,37,35,37,37,36,37,30,29,30
394810,304,"Lumberton, NC",Msa,NC,,,,,,,,,,,,,,,,,,,,,,,,,,,28,43,31,41,39,46,44,46,44,44,53,48,41,41,38,49,47,46,41,45,41,46,54,47,38,40
394756,306,"La Crosse, WI",Msa,WI,,,,,,,,,,,,,,,,,,,,,,,,,,,,,,,,,,,,,,,34,40,41,26,41,41,42,42,39,36,39,37,38,35
394783,307,"Lebanon, PA",Msa,PA,46,35,39,46,43,44,44,45,42,42,41,45,42,36,42,41,44,43,42,44,46,44,42,38,45,39,34,48,61,45,41,42,44,30,40,44,46,42,42,40,42,44,43,44,44,43,47,44,44,46,39,34
394703,308,"Idaho Falls, ID",Msa,ID,,,,,,,,,,,,,,33,29,33,31,32,30,31,31,32,34,30,35,22,31,30,37,36,32,36,37,37,34,39,20,26,36,33,32,32,39,32,30,35,33,31,37,31,29,29
395098,309,"Sierra Vista, AZ",Msa,AZ,,,,,,,,,,,,,,35,32,16,28,28,22,26,22,22,22,30,25,12,24,33,32,33,31,31,30,32,36,28,22,27,30,33,25,23,27,35,37,29,30,25,32,22,29,33
394983,310,"Pittsfield, MA",Msa,MA,54,44,46,46,51,52,52,50,49,48,41,40,48,45,43,44,46,43,40,43,44,43,40,42,42,37,34,48,46,40,44,44,49,52,47,48,48,42,45,47,46,49,48,48,50,49,46,37,45,41,45,43
395232,316,"Winchester, VA",Msa,VA,38,21,25,25,28,32,33,35,34,33,35,37,39,35,35,33,33,37,36,32,35,36,39,35,36,32,34,39,39,39,41,39,37,32,38,40,42,37,36,36,36,34,35,36,36,36,36,35,37,38,32,31
395120,317,"St. Joseph, MO",Msa,MO,35,34,34,31,30,31,30,33,34,30,34,35,37,32,34,34,35,36,34,33,35,35,35,33,37,29,28,35,32,35,36,37,39,38,38,35,32,33,36,33,35,37,32,35,33,33,35,32,39,33,32,31
394321,318,"Altoona, PA",Msa,PA,,,,,,,,,,,,,,,,,,,,,,,,,,,,,,,,,,,,,,,,,,,,,,,,,,,41,
394905,319,"New Bern, NC",Msa,NC,38,36,35,39,39,38,40,37,39,48,36,34,39,35,42,37,40,40,38,37,39,40,38,39,42,32,30,41,39,41,43,41,41,42,43,42,41,39,39,40,39,42,40,40,38,38,36,36,38,34,36,35
394802,321,"London, KY",Msa,KY,32,26,34,30,33,37,31,33,35,41,35,31,36,35,31,32,37,36,39,40,36,35,37,41,40,26,25,36,43,47,41,43,45,46,45,38,50,42,41,39,42,38,38,35,39,38,43,38,40,39,34,32
394800,322,"Logan, ID",Msa,UT,,,,,,,,,,,,,,,,,,,,,,,,,,,28,37,33,36,34,36,34,34,33,37,10,,29,31,31,30,30,29,30,31,28,35,30,30,29,26
395217,326,"Weirton, OH",Msa,OH,20,16,15,24,18,16,14,23,22,19,17,13,19,14,13,17,12,10,22,16,21,15,15,16,21,21,15,20,27,29,25,40,18,25,34,31,13,33,45,40,45,50,44,44,45,46,45,44,49,45,43,39
394635,327,"Goldsboro, NC",Msa,NC,35,28,24,30,28,15,30,33,37,42,37,40,33,32,35,32,34,34,34,34,37,38,35,35,42,31,35,36,38,39,40,41,39,37,38,40,43,37,37,40,38,39,40,37,40,41,38,38,42,35,35,36
394353,328,"Augusta, ME",Msa,ME,,,,,,,,,,,,,,,,,,,,,,,,,,,,,43,43,37,33,20,35,45,47,44,46,44,45,44,35,39,44,45,46,42,42,45,41,36,40
394661,329,"Hammond, LA",Msa,LA,49,39,38,42,41,39,39,38,35,39,36,33,36,36,35,40,35,37,39,37,32,39,38,37,38,35,34,36,44,40,41,44,42,41,42,42,48,38,41,38,41,45,38,40,44,51,36,35,39,33,36,34
394728,330,"Jonesboro, AR",Msa,AR,31,31,32,33,39,37,35,36,36,34,33,33,35,34,33,33,35,35,36,32,33,34,34,38,35,31,29,41,35,35,36,35,38,38,38,39,37,33,38,39,39,37,35,34,38,33,37,36,37,37,34,34
395094,331,"Sherman, TX",Msa,TX,,,,,,,,,,,,,,,,,,,,,,,,,,,,,,,,,,,,,,,,,,,,,,,,,,,23,30
394333,332,"Anniston, AL",Msa,AL,33,30,28,30,31,36,38,33,32,35,37,38,32,33,31,31,34,39,35,35,34,34,36,35,40,31,27,36,40,34,36,36,36,36,39,36,40,34,31,36,38,39,38,35,37,36,38,39,37,32,29,32
394893,334,"Muncie, IN",Msa,IN,,,,,,,,,,,,,,,,34,38,37,36,33,34,33,38,44,39,30,33,35,38,30,38,43,28,35,40,37,38,31,33,34,36,34,36,35,36,34,38,35,34,34,32,31
394307,336,"Albany, OR",Msa,OR,38,40,36,36,35,35,36,35,35,37,36,28,35,32,33,34,35,34,31,38,36,38,37,35,32,29,30,33,35,33,36,40,40,46,33,41,29,26,38,35,38,41,39,37,41,38,38,38,38,38,33,34
395213,337,"Watertown, NY",Msa,NY,,,,,,,,,,,,,,,,16,28,42,42,49,44,48,49,48,46,49,32,49,48,43,46,50,55,54,60,59,53,48,52,47,57,59,59,60,58,59,53,59,50,56,52,48
394474,339,"Cleveland, TN",Msa,TN,32,33,34,33,35,35,37,36,38,33,33,33,36,33,36,39,35,38,32,33,36,33,34,34,37,33,30,34,36,36,39,40,,,26,22,12,29,32,36,38,39,38,35,38,36,38,38,39,34,34,31
395089,340,"Sheboygan, WI",Msa,WI,,,,,,,,,,,,,,,,,,,,,,,,,,,,,,,,,,,,,,,,,,,,,,,,,,,,31
394390,341,"Bismarck, ND",Msa,ND,,,,,,,,,,,,,,,,,,,,,,,,,,,,,,,,,,,,,,,,14,35,53,54,56,55,55,53,54,50,54,48,46
394546,343,"Dunn, NC",Msa,NC,40,38,35,34,37,42,37,36,36,38,36,34,39,38,38,35,37,38,40,36,37,37,38,39,43,34,32,40,42,40,41,42,40,41,39,37,41,35,38,36,40,37,38,37,38,38,38,37,40,34,34,34
395237,344,"Wooster, OH",Msa,OH,24,18,19,24,22,27,24,19,22,18,21,17,23,23,19,21,18,21,21,13,19,28,16,23,30,15,23,32,25,31,36,33,27,36,35,33,25,30,41,37,39,40,35,36,41,40,36,37,38,31,32,32
394880,345,"Morristown, TN",Msa,TN,44,30,35,40,37,39,39,37,36,39,39,37,39,35,38,37,36,41,39,36,38,35,42,40,43,34,31,41,42,36,38,44,42,43,44,42,45,40,37,41,44,45,41,39,39,39,42,38,43,41,35,35
394734,346,"Kankakee, IL",Msa,IL,42,40,37,40,43,43,41,40,39,37,37,35,37,37,39,38,41,40,41,39,39,40,38,39,39,24,34,37,43,40,40,38,41,45,42,42,44,30,37,40,39,43,41,39,41,41,41,40,45,43,38,35
394857,350,"Michigan City, IN",Msa,IN,35,31,35,34,39,39,36,36,38,39,40,35,35,40,37,35,40,39,38,38,40,41,38,39,40,38,34,39,37,38,38,40,44,41,40,43,43,39,39,38,38,39,39,39,40,39,37,38,40,37,32,36
753890,351,"Holland, MI",Msa,MI,46,47,35,41,43,39,43,38,43,38,44,36,36,37,43,39,38,37,41,36,39,38,40,42,40,32,38,39,50,,,40,43,43,43,46,50,38,39,39,37,36,37,36,38,42,40,42,42,35,37,30
395218,352,"Wenatchee, WA",Msa,WA,,,,,,,,,,,,,,,,,,,,,,,,,42,36,37,39,41,38,38,44,45,44,43,43,46,39,36,37,39,38,38,38,38,40,37,38,43,38,38,
394778,353,"Lawrence, KS",Msa,KS,,,,,,,,,,,,,,,,,,,,,,,,,,,,,,,,,,,,,,,,,,,,,,,,,,35,26,40
394524,354,"Decatur, IL",Msa,IL,30,22,34,33,36,32,34,34,33,34,31,32,31,31,29,29,35,38,39,36,35,36,36,37,37,27,24,24,26,30,24,28,32,32,32,30,30,34,41,40,42,42,41,43,39,41,36,36,40,40,38,37
394867,355,"Missoula, MT",Msa,MT,,,,,,,,,,,,,,,,15,31,31,34,32,34,31,35,31,44,31,29,34,34,33,32,29,21,35,41,40,44,38,37,35,38,36,35,35,38,37,36,42,39,33,33,34
753915,356,"Salem, OH",Msa,OH,9,12,15,13,10,15,13,14,12,14,21,12,16,15,11,14,10,8,15,14,11,13,12,13,16,10,13,13,22,16,17,18,17,22,20,28,13,29,42,42,43,45,44,47,46,42,42,42,45,37,42,32
394788,358,"Lewiston, ME",Msa,ME,,,,,,,,,,,,,,,,,,,,,,,,,,,,36,43,38,39,39,24,38,43,46,49,43,39,41,37,17,38,42,43,43,40,43,41,38,37,37
395039,359,"Roseburg, OR",Msa,OR,50,42,39,42,45,44,41,43,43,42,41,44,40,39,40,39,40,43,43,44,43,43,49,45,47,34,38,45,43,47,44,45,47,51,52,49,48,51,46,48,51,44,48,49,45,45,45,46,45,45,41,37
395095,361,"Show Low, AZ",Msa,AZ,,,33,36,42,32,36,32,33,31,26,33,36,29,32,34,36,33,31,33,36,33,33,38,41,29,30,39,32,35,34,37,41,42,43,42,42,43,39,38,36,37,34,42,37,41,37,41,40,31,34,32
394794,365,"Lima, OH",Msa,OH,,,,,,,,,,,,,,,,,,,,,,,,,,,,13,26,29,31,28,29,28,29,28,22,28,34,34,31,37,36,36,36,35,30,35,35,32,47,33
394495,366,"Cookeville, TN",Msa,TN,,,,,,,,,,,,,,,,,,,,,,,,,,,20,39,43,35,39,41,45,47,41,41,37,36,35,38,40,41,35,35,37,36,37,39,46,38,35,35
753872,367,"California-Lexington Park, MD",Msa,MD,26,29,28,37,32,39,44,40,42,40,42,49,40,38,37,35,41,42,44,38,40,39,40,43,43,37,34,44,46,39,44,45,44,37,41,43,42,42,42,39,41,42,39,42,41,41,40,42,40,38,37,33
394620,368,"Gadsden, AL",Msa,AL,,,,,,,,,,,,,,,,,,,,,,,,,,,,,,,,,,,,,12,28,35,37,35,38,34,37,35,36,34,34,32,30,31,32
394513,369,"Cumberland, MD",Msa,MD,,,,,,,,,,,,,,,40,37,43,42,43,42,42,46,40,40,41,34,32,37,50,47,50,44,47,38,44,46,48,46,43,42,46,44,44,44,45,43,45,47,45,39,37,37
394804,370,"Longview, WA",Msa,WA,40,37,36,34,37,36,39,36,35,34,34,34,35,32,32,32,34,34,36,34,37,37,35,37,38,30,32,37,37,35,36,37,39,40,38,38,40,34,35,36,33,33,35,33,34,33,36,33,34,30,29,30
394599,372,"Fond du Lac, WI",Msa,WI,,,,,,,,,,,,,,,,,,,,,,,,,,,,,,,,,,,,,,,,,,,,,,,,,,,12,8
394709,373,"Ithaca, NY",Msa,NY,,,,,,,,,,,,,,67,59,60,57,69,65,70,68,67,69,67,72,72,52,68,72,77,67,68,76,69,78,72,81,81,70,67,70,76,70,74,70,72,74,80,72,74,67,65
394340,374,"Ashtabula, OH",Msa,OH,27,26,25,20,28,29,24,21,32,26,23,25,35,18,18,27,27,29,23,29,27,25,21,32,27,16,22,29,25,29,30,33,30,34,31,39,14,29,44,39,42,46,37,42,42,42,42,43,42,44,36,34
394630,375,"Gettysburg, PA",Msa,PA,42,36,39,42,36,43,42,40,46,43,41,45,45,40,38,44,39,46,43,45,42,46,42,38,46,36,39,49,47,45,43,46,45,32,42,46,51,45,43,42,46,46,47,45,47,44,43,43,43,43,40,40
394980,376,"Pine Bluff, AR",Msa,AR,,,,,,,,,,,,,,,,,,,,,,,,,,,,,,,,,,,,,,,,,,,,,,,,,,,,30
395168,377,"Tullahoma, TN",Msa,TN,,,,,,,,,,,,,,,,,,,,,,,,,,,,,,,,,,,,,8,28,38,40,40,37,38,36,37,36,38,35,40,34,34,32
395023,378,"Richmond, KY",Msa,KY,41,37,35,36,39,40,39,40,39,35,37,36,39,38,38,37,37,39,38,40,38,39,37,38,43,34,29,38,40,42,42,41,43,41,43,42,43,38,40,40,40,42,40,41,41,39,39,39,41,39,39,34
394302,379,"Adrian, MI",Msa,MI,31,35,30,36,40,40,40,40,34,32,40,37,24,33,21,19,24,33,39,36,39,38,34,37,35,29,29,41,41,35,41,41,40,43,46,44,45,35,39,39,38,41,35,23,20,18,19,23,21,22,21,21
395173,380,"Twin Falls, ID",Msa,ID,,,,,,,,,,,,,,,,,,,,,,,,,,,,,,,,,,,,,,,,,31,34,32,34,33,34,34,33,35,30,30,32
395080,382,"Sebring, FL",Msa,FL,35,39,38,40,41,42,38,36,38,41,37,21,35,34,35,38,40,35,39,44,42,35,35,33,36,29,32,38,39,40,39,41,41,40,45,44,43,43,43,43,43,43,44,44,43,42,39,37,41,41,37,33
395166,383,"Truckee, CA",Msa,CA,32,30,30,29,30,31,33,30,30,31,31,31,32,30,30,30,26,30,31,31,32,33,33,35,36,28,31,37,33,31,32,35,38,38,36,36,36,32,33,32,30,32,32,33,32,31,30,32,38,27,29,29
394637,385,"Grand Forks, ND",Msa,ND,,,,,,,,,,,,,,,,,,,,,,,,,,,17,39,39,43,46,45,46,44,43,42,45,47,44,45,52,50,49,48,43,46,43,42,46,42,46,43
395090,386,"Shelby, NC",Msa,NC,,,,,,,,,,,,,,,37,35,28,36,34,32,15,36,40,33,42,34,35,39,38,38,38,42,38,41,47,42,47,30,38,36,40,38,34,36,37,38,37,36,39,35,36,34
394928,388,"Ocean City, NJ",Msa,NJ,52,36,39,42,42,40,43,48,46,42,43,42,45,41,35,41,38,36,38,40,43,39,45,44,56,35,38,47,47,39,39,41,49,43,47,47,55,46,44,44,31,36,43,45,49,46,47,46,52,48,43,40
394823,389,"Mankato, MN",Msa,MN,,,,,,,,,,,,,,,,,,,,,,,,,,,,,,,,,,,,,,,,34,34,44,37,34,40,48,43,46,48,46,43,38
395038,390,"Rome, GA",Msa,GA,28,25,31,29,30,30,27,23,28,27,26,24,29,24,28,28,29,26,30,25,29,26,25,28,28,23,28,28,29,30,30,29,29,31,32,29,30,28,27,31,28,30,26,29,28,30,32,28,30,28,28,27
394441,391,"Cape Girardeau, MO",Msa,MO,34,36,36,34,36,35,39,35,33,37,36,33,35,34,35,36,35,36,34,32,36,32,34,36,35,31,31,37,40,37,35,38,38,43,38,37,44,31,39,39,39,39,35,33,37,36,35,35,41,34,32,31
394689,392,"Hot Springs, AR",Msa,AR,,,,,,,,,,,,,,,,,,,,,,,,,,,,,,,,,,,,,,,,,,10,29,34,35,30,31,31,37,30,30,31
395190,396,"Victoria, TX",Msa,TX,33,29,30,34,36,32,32,33,33,31,34,31,32,31,32,32,35,32,31,34,33,31,32,31,36,29,31,32,37,32,37,34,36,35,33,33,32,31,37,32,37,37,35,39,34,33,36,36,34,30,32,33
395145,397,"Talladega, AL",Msa,AL,,,,,,,,,,,,,,,,,,,,,,,,,,,28,36,39,40,38,39,36,38,43,42,34,37,42,40,36,37,37,32,37,43,36,33,39,30,31,35
394542,398,"Dubuque, IA",Msa,IA,,,,,,,,,,,,,,,,,,,,,,,,,,,,,,,,,,,,,,,,,,,,,,,,,,,37,
395153,399,"The Villages, FL",Msa,FL,38,34,43,36,44,44,38,40,33,37,37,46,35,37,35,36,39,37,38,39,40,26,35,38,36,36,32,45,39,35,39,38,42,39,38,35,37,35,35,36,39,41,39,38,36,40,37,36,36,33,37,36
394311,400,"Albertville, AL",Msa,AL,,,,,,,,,,,,,,,,,,,,,,,,,,22,38,42,36,36,37,41,40,42,42,44,15,34,41,42,41,41,39,40,39,40,41,37,41,39,39,33
394964,402,"Parkersburg, WV",Msa,WV,36,27,31,30,30,34,34,29,44,29,20,26,23,25,22,29,33,21,28,28,20,24,29,34,36,22,24,34,30,25,37,32,38,25,36,38,15,30,41,43,42,48,49,42,42,44,41,36,37,37,35,37
394911,403,"New Philadelphia, OH",Msa,OH,13,11,14,18,14,13,14,14,12,18,13,14,16,16,15,19,17,15,21,16,20,10,14,11,18,22,22,20,24,12,23,30,22,32,35,26,13,33,40,38,41,42,45,40,44,40,42,43,42,36,35,37
394462,405,"Cheyenne, WY",Msa,WY,34,31,34,33,35,36,34,34,32,32,36,31,33,32,32,34,33,36,34,33,34,34,32,33,36,29,31,33,35,34,36,34,37,41,38,37,37,38,37,37,35,35,38,35,34,35,35,34,35,33,33,33
394907,406,"New Castle, PA",Msa,PA,33,27,41,35,40,39,38,39,34,33,43,32,32,30,31,38,40,42,34,39,42,44,40,40,48,34,30,46,56,44,47,48,39,45,47,42,42,44,45,42,48,45,45,46,44,46,45,42,46,47,43,44
394410,407,"Brainerd, MN",Msa,MN,33,41,36,37,37,37,40,33,30,35,30,28,32,23,29,35,36,30,33,32,30,32,31,29,36,27,28,35,37,32,33,35,37,40,37,37,35,36,33,38,42,41,37,39,41,39,36,35,37,38,35,32
394733,408,"Kalispell, MT",Msa,MT,,,,,,,,,,,,,,,,,,,,,,,,,,,,,,35,35,25,12,32,41,43,41,40,40,37,38,37,35,37,38,39,39,37,40,36,38,35
395086,409,"Sevierville, TN",Msa,TN,41,33,36,35,37,39,36,38,39,36,33,36,37,38,34,36,36,35,39,36,38,35,36,39,41,31,33,41,36,37,36,40,40,41,44,41,42,40,41,42,42,43,46,45,45,43,46,48,48,45,41,39
394325,410,"Ames, IA",Msa,IA,,,,,,,,,,,,,,41,38,39,40,46,39,42,42,39,39,41,48,35,36,45,40,38,40,42,48,46,40,42,44,53,43,41,46,51,48,42,44,41,37,38,44,36,46,43
394704,413,"Indiana, PA",Msa,PA,,,,,,,,,,,,,,,,,,,,,,,,,,,,,,,,,,,,,,,46,48,51,47,48,46,50,47,46,48,51,42,40,40
753912,417,"Pinehurst-Southern Pines, NC",Msa,NC,41,34,34,38,37,41,41,38,41,42,38,37,39,36,36,39,40,43,40,39,39,38,40,41,46,29,31,44,39,37,37,40,29,37,38,42,43,25,33,37,39,41,41,40,41,41,32,37,42,35,35,36
753887,419,"Hermiston-Pendleton, OR",Msa,OR,59,42,43,48,42,44,44,42,43,37,36,31,38,41,41,39,48,43,43,43,45,41,49,49,47,41,31,48,45,48,44,55,54,53,52,53,57,48,51,50,47,47,54,49,51,53,46,44,48,41,39,45
395248,421,"Zanesville, OH",Msa,OH,21,13,17,20,17,16,19,15,17,18,15,12,8,15,14,14,14,16,18,14,11,17,16,16,11,14,23,25,28,35,36,30,34,35,34,17,13,30,40,34,37,38,37,41,38,36,38,39,41,34,33,32
394411,426,"Branson, MO",Msa,MO,37,33,35,32,33,36,34,34,32,35,32,32,36,34,32,34,33,33,34,33,35,38,36,38,42,30,31,40,35,35,36,37,39,39,41,40,42,39,42,41,40,40,40,39,39,36,36,37,44,38,39,35
395212,427,"Watertown, WI",Msa,WI,,,,,,,,,,,,,,,,,,,,,,,,,,,,,,,,,,,,,,,,,,,,,,,,,,,,19
394859,428,"Midland, MI",Msa,MI,37,35,36,39,41,42,40,40,43,37,38,40,39,44,34,39,37,42,40,41,41,40,40,40,42,31,34,42,,40,43,42,44,43,45,46,45,41,43,34,33,31,42,40,38,35,33,35,38,36,34,28
394755,431,"Kokomo, IN",Msa,IN,,,,,,,,,,,,,,,,,,,,,,,,,,,,,,,,,,,,,10,26,32,35,34,33,33,32,32,31,32,30,32,28,29,30
394641,432,"Grants Pass, OR",Msa,OR,,,,,,,,,,,,,,,,,,,,,,,,,,,30,36,19,37,39,42,44,44,43,46,45,44,42,45,41,42,43,41,42,43,38,39,40,36,36,39
394699,433,"Huntsville, TX",Msa,TX,40,34,32,34,31,34,32,35,33,31,41,28,37,30,33,34,37,34,34,33,34,31,41,36,36,31,31,37,38,40,36,35,41,38,42,42,38,40,40,42,40,41,40,37,37,36,41,38,39,35,36,32
394516,437,"Danville, IL",Msa,IL,,,,,,,,,,,,,,,,,,,,,,,,29,33,28,24,31,29,35,32,29,34,30,26,24,35,29,36,42,40,42,43,41,46,38,41,42,44,36,37,38
394644,439,"Great Falls, MT",Msa,MT,36,40,36,34,39,40,38,38,36,37,39,33,33,44,70,15,33,36,37,32,39,34,41,33,39,29,24,39,41,42,39,39,20,38,43,39,43,41,41,39,39,42,41,39,40,42,41,38,42,41,40,34
395231,440,"Wilson, NC",Msa,NC,41,35,35,36,38,38,43,35,40,39,41,41,40,36,38,39,38,37,39,36,40,37,34,40,40,37,32,43,39,42,43,44,44,44,44,42,44,41,39,38,42,42,43,41,38,36,38,38,41,32,38,34
394936,442,"Olean, NY",Msa,NY,,,,,,,,,,,,,,,64,50,60,60,62,58,65,59,57,67,62,65,41,50,67,81,52,64,65,69,66,65,70,72,64,63,68,70,71,65,75,80,71,72,71,72,61,60
394350,443,"Auburn, NY",Msa,NY,,,,,,,,,,,,,,,41,37,36,58,52,50,58,59,45,47,56,43,37,45,61,66,51,59,72,67,70,69,74,66,65,66,67,69,71,73,69,79,74,68,71,72,62,59
394345,445,"Athens, TX",Msa,TX,,,,,,,,,,,,,,,,,,,,,,,,,,,,,,,,,,,,,,,,,,,,,,,,,,,23,31
394925,446,"Oak Harbor, WA",Msa,WA,36,34,37,37,33,37,38,36,36,37,36,33,36,34,34,35,34,36,35,37,38,37,37,39,44,33,32,39,37,37,34,36,37,36,37,36,35,33,30,30,30,32,31,31,32,31,32,32,32,32,30,
394682,448,"Hinesville, GA",Msa,GA,,,,,,,,,,,,,,,,,,,,,,,,,,29,29,34,33,38,39,36,39,37,33,36,37,33,36,35,37,37,34,34,34,32,32,37,34,33,32,32
395106,449,"Somerset, PA",Msa,PA,,,,,,,,,,,,,,,,,,,,,,,,,,,,,,,,,,,,,,,,,,,,,,,,,,,43,34
395205,450,"Warsaw, IN",Msa,IN,,,,,,,,,,,,,,,,,,,,,,,,,,,,,,12,21,37,18,22,32,30,14,31,33,34,32,34,35,32,33,35,34,32,32,32,29,32
394738,453,"Keene, NH",Msa,NH,,,,,,,,,,,,,,,,,,,,,,,,,,,,,,,,,14,41,49,49,47,48,48,45,47,47,47,45,45,49,44,44,46,48,45,
395077,455,"Searcy, AR",Msa,AR,,,,,,,,,,,,,,,,,,,,,,,,,,,,,,,,,,,,,,,,,,13,28,36,33,33,33,35,35,31,35,29
394489,456,"Columbus, IN",Msa,IN,31,27,29,30,35,36,32,33,32,30,31,32,33,32,34,32,30,33,34,32,31,36,33,33,33,26,31,35,35,35,34,36,36,36,33,34,37,32,34,33,33,33,32,31,31,31,32,32,32,30,29,30
394445,459,"Casper, WY",Msa,WY,,,,,,,,,,,,,,,,,,,,,,,,,,,,37,45,40,39,41,43,34,41,41,10,,40,40,40,40,41,38,38,39,34,35,37,30,32,31
394675,460,"Helena, MT",Msa,MT,,,,,,,,,,,,,,,,15,33,38,37,37,41,38,44,38,32,13,34,40,38,41,40,39,32,38,44,43,40,40,44,42,40,43,43,43,41,41,39,41,45,41,38,38
394593,461,"Findlay, OH",Msa,OH,26,28,34,34,36,38,32,33,34,38,31,34,33,35,31,37,31,36,34,34,36,36,32,35,37,32,32,35,37,34,35,36,37,36,40,36,38,37,35,36,34,39,38,36,38,37,37,37,37,36,32,34
394955,463,"Palatka, FL",Msa,FL,,,,,,,,,,,,,,24,22,31,26,35,38,38,36,35,39,38,32,31,24,37,30,38,44,43,40,42,44,40,40,38,35,32,44,44,43,42,45,38,42,44,38,32,38,40
395085,464,"Seneca, SC",Msa,SC,,,,,29,46,33,35,34,32,34,42,37,37,23,20,29,37,37,39,37,41,38,43,46,33,31,43,44,40,40,42,41,40,42,42,43,40,39,41,40,40,41,39,40,42,46,42,45,41,37,34
753881,466,"Glenwood Springs, CO",Msa,CO,45,37,40,38,45,42,38,37,37,40,40,34,40,35,37,41,38,39,40,41,42,42,39,41,42,39,33,42,41,42,37,41,42,45,42,44,45,43,41,44,43,43,40,42,45,43,40,37,41,43,35,40
394744,467,"Key West, FL",Msa,FL,,,,,,,,,,,,,,,,,,,,,,,,,,,30,38,26,41,37,39,13,,28,37,13,28,42,45,44,48,46,48,43,46,45,42,40,45,43,41
394298,468,"Aberdeen, WA",Msa,WA,,,,,,,,,,,,,,,,,,,,,,,,,,,,,,,,,,,41,43,40,43,35,41,36,36,37,34,36,38,39,41,43,31,,
394897,473,"Muskogee, OK",Msa,OK,,,,,,,,,,,,,,,,,,,,,,,,,,,28,33,32,33,38,38,42,38,43,42,40,44,28,39,38,45,41,42,44,37,38,44,36,42,39,38
394614,474,"Frankfort, KY",Msa,KY,38,39,39,35,37,43,43,39,40,38,38,41,35,37,39,37,38,37,37,38,39,40,41,41,41,29,30,41,40,43,46,44,45,45,41,47,42,42,41,41,43,42,36,37,41,40,38,41,42,35,36,35
394950,475,"Owosso, MI",Msa,MI,37,23,30,37,33,35,38,37,38,35,33,30,32,37,29,32,36,35,32,35,35,36,39,35,36,32,30,35,48,35,41,41,42,44,43,40,40,34,40,42,37,37,43,38,38,42,39,40,40,37,35,32
394885,476,"Mount Pleasant, MI",Msa,MI,,,,,,,,,,,,,,,,,,,,,,,,,,,,,,,,,,,,,,,36,36,40,36,37,37,37,37,30,34,39,33,34,28
395126,477,"Statesboro, GA",Msa,GA,48,29,28,23,29,28,28,22,31,23,18,31,23,30,29,30,28,33,30,25,35,26,31,31,39,26,27,34,28,30,30,32,34,32,37,36,41,33,38,34,38,39,38,37,30,30,35,32,36,35,32,35
394826,478,"Marion, IN",Msa,IN,,,,,,,,,,,,,,,,,,,,,,,,,,,,,,12,19,43,10,18,20,19,10,32,31,33,35,36,32,35,35,32,33,32,31,32,31,27
395088,481,"Shawnee, OK",Msa,OK,,,,19,34,40,36,35,38,33,34,42,46,33,30,38,35,36,36,37,38,39,44,37,40,33,28,36,40,44,37,41,44,43,44,50,51,40,42,36,42,43,43,42,41,44,42,43,39,40,41,34
394647,484,"Greeneville, TN",Msa,TN,,42,37,37,38,43,33,36,37,43,40,46,47,42,40,40,37,41,38,39,39,43,36,38,42,36,31,39,40,43,41,44,40,44,44,46,46,40,42,45,43,42,47,42,37,35,40,43,42,38,40,35
394600,486,"Forest City, NC",Msa,NC,41,27,38,30,33,32,38,30,41,32,40,36,41,37,39,31,38,44,39,37,44,37,40,39,44,46,28,36,40,34,44,41,41,45,46,43,40,33,42,43,40,45,43,44,43,45,42,44,44,45,37,36
394736,488,"Kapaa, HI",Msa,HI,,,,,,,,,,,,,,,,,,,,,,,,,,,,,,,49,51,57,49,57,47,53,51,45,57,58,58,51,59,49,48,43,53,59,46,37,45
394829,489,"Marquette, MI",Msa,MI,44,38,40,43,39,42,43,43,40,37,41,41,34,35,41,44,38,38,45,45,43,44,40,40,50,36,31,47,58,42,43,47,47,50,49,48,51,43,40,50,44,46,44,47,43,46,45,44,51,40,40,
394762,490,"LaGrange, GA",Msa,GA,31,31,28,32,33,30,28,30,34,30,33,29,23,30,29,32,32,33,32,30,33,29,32,33,34,21,28,35,31,35,34,32,35,35,37,36,38,28,33,34,36,32,34,32,32,33,29,32,38,31,30,29
394827,491,"Marion, OH",Msa,OH,,,,,,,,,,,,,,,,,,,,,,,,,,,,,,,,,,,,,34,32,37,36,32,36,37,38,39,41,40,37,42,35,36,31
394877,492,"Morehead City, NC",Msa,NC,42,41,38,36,37,39,42,41,40,47,39,40,43,38,36,37,38,40,38,39,43,36,39,37,47,28,28,45,41,38,41,42,44,42,45,48,46,43,42,44,39,42,43,39,40,39,38,41,46,42,38,37
394752,493,"Klamath Falls, OR",Msa,OR,,,,,,,,,,,,,,,,,,,,,,,,,,,,38,18,40,41,44,46,49,44,49,51,48,47,49,47,53,49,52,52,50,48,48,48,44,40,39
394587,497,"Farmington, MO",Msa,MO,36,27,34,33,34,33,36,35,37,30,32,31,34,37,29,31,31,39,32,31,36,36,31,36,31,29,28,35,31,34,38,34,39,37,35,38,43,30,33,37,34,38,36,37,34,38,34,33,33,36,32,35
394456,498,"Charleston, IL",Msa,IL,,,,,,,,,,,,,,,,,,,,,,,,,,,,,28,21,18,31,31,34,33,30,28,32,40,41,44,44,42,43,40,38,34,35,38,32,33,34
394472,501,"Clearlake, CA",Msa,CA,35,28,32,31,33,32,33,36,37,32,31,34,35,32,31,28,30,31,35,34,33,33,36,37,39,28,30,40,39,35,35,37,46,47,39,41,43,40,37,47,36,44,44,46,39,39,41,39,42,35,33,37
394586,504,"Faribault, MN",Msa,MN,38,34,32,29,35,31,29,34,34,36,30,28,31,28,35,32,35,34,35,30,32,31,32,28,34,25,32,35,37,36,33,38,38,35,32,34,40,38,35,35,34,39,38,36,37,35,33,36,40,33,35,32
394562,505,"Elizabeth City, NC",Msa,NC,,,35,40,38,45,42,39,41,45,35,41,33,36,38,39,43,42,40,39,41,34,39,40,48,38,30,41,45,42,41,44,44,45,45,43,49,45,43,45,44,45,46,41,45,44,43,41,42,37,39,39
753891,506,"Ionia, MI",Msa,MI,,,,,,,,,,,,,,,,,,,,,,,,,,,,,,14,31,40,39,36,35,44,37,30,33,37,36,35,32,32,36,33,34,31,35,31,26,29
394305,507,"Alamogordo, NM",Msa,NM,,,,,,,,,,,,,,,,,,,,,,,,,,,,,,,,,,,,,,48,51,51,53,54,46,51,56,45,47,50,55,43,,
395105,510,"Somerset, KY",Msa,KY,,,,,,,,26,26,35,29,29,25,32,31,36,35,35,36,34,32,34,47,35,39,29,27,42,38,40,46,40,39,41,45,39,45,35,39,38,43,39,40,35,37,35,35,41,42,37,35,34
394496,511,"Coos Bay, OR",Msa,OR,42,40,36,35,37,42,41,38,40,39,41,41,44,35,36,38,38,41,42,38,42,40,43,46,45,36,36,42,44,43,44,44,47,48,46,47,46,44,44,45,50,50,48,49,46,44,47,44,44,44,43,44
394605,515,"Fort Madison, IA",Msa,IA,,,,,,,,,,,,,,,,,,,,,,,,,,,,,,,,,,,,,,,,,,,,,,,,,,,26,31
753903,517,"Marietta, OH",Msa,OH,,,,,,,,,,,,,,,,,,,,,,,,,,,,,,,,,,,,22,13,28,38,42,41,44,43,40,42,41,41,40,44,45,42,37
395136,521,"Sturgis, MI",Msa,MI,44,48,34,39,43,38,40,42,38,41,36,41,42,41,36,39,38,43,40,36,45,37,35,38,38,40,31,38,54,37,36,41,50,45,44,44,47,36,42,38,34,42,40,35,43,37,39,40,41,40,32,35
394787,525,"Lewiston, ID",Msa,ID,,,,,,,,,,,,,,,,,,,,,,,,,,,,,,,,,,,,,,,13,31,42,46,44,38,43,40,39,42,43,36,38,36
394309,527,"Albemarle, NC",Msa,NC,37,36,38,39,35,43,40,43,37,42,41,36,43,37,38,42,35,39,41,43,40,39,42,39,43,38,30,40,43,40,39,41,46,42,45,41,44,36,40,42,39,40,40,42,39,39,34,38,41,36,35,34
753893,529,"Jefferson, GA",Msa,GA,36,33,29,32,34,36,28,30,33,30,32,33,33,31,28,32,30,32,33,30,33,35,32,33,32,24,30,33,30,30,33,31,32,34,30,34,37,31,30,32,32,29,30,29,29,29,31,31,32,31,29,30
394759,531,"Laconia, NH",Msa,NH,,,,,,,,,,,,,,,,,,,,,,,,,,,,,,,,,15,37,47,51,49,50,46,46,49,44,43,50,43,47,44,43,45,43,40,
753910,533,"Oxford, NC",Msa,NC,,,,,,,,,,,,,37,41,37,34,38,38,40,38,43,37,36,47,45,31,35,38,39,40,43,41,41,42,42,42,45,36,37,33,43,35,36,35,37,33,36,37,41,40,31,32
394362,536,"Barre, VT",Msa,VT,,,,,,,,,,,,,,,,,,,,,,,,,,,,,,,,,20,40,57,61,57,51,59,56,59,64,63,60,64,,,,,,,
394750,537,"Kinston, NC",Msa,NC,,,,,,,,,,,,,,,,,,,,,,,,,,,,39,41,47,45,41,38,46,40,41,40,45,43,44,41,52,45,47,46,40,43,42,46,44,36,40
395131,538,"Sterling, IL",Msa,IL,,,,,,,,,,,,,,41,39,35,37,43,44,38,40,40,36,40,36,24,28,43,46,42,44,47,47,43,41,46,51,36,42,46,38,46,44,43,40,36,39,39,39,35,41,36
394540,540,"Dublin, GA",Msa,GA,,,,,,,,,,,,,,,,,,,,,,,,,,,,,,,,,,,,,,,,,,,,,,,,,,,34,33
395063,543,"Sanford, NC",Msa,NC,39,35,37,40,36,37,39,41,42,41,39,35,36,38,33,35,39,40,37,38,39,39,43,36,42,31,36,39,43,43,44,46,42,37,44,43,43,38,35,39,36,39,42,38,38,37,33,34,39,34,34,33
394591,544,"Fergus Falls, MN",Msa,MN,,,,,,,,,,,,,,,,,,,,,,,,,,,,,,,,,,,,,,,,,,,,,,,,,,,,33
394509,547,"Crossville, TN",Msa,TN,42,34,37,33,38,39,38,38,38,40,41,40,40,32,36,35,38,38,37,40,43,42,42,36,46,32,33,37,36,43,40,40,42,43,43,43,47,41,40,45,43,40,41,41,41,41,41,44,44,38,37,38
394977,548,"Picayune, MS",Msa,MS,,,,,,,,,,,,,,,,,,,,,,,,,,,,,,,,,,,,,,,,,,,,,,,,,,,,36
394634,549,"Gloversville, NY",Msa,NY,,,,,,,,,,,,,,,,,,,,,,,,,,,,,,,,,,,,,,,,,,,,,,,,,,,67,
394621,551,"Gaffney, SC",Msa,SC,,,,,,,,,,,,,,,,,,,,,,,,,,,,,,,,,,,,,,,,,,,44,43,39,43,46,46,46,36,37,40
394444,552,"Carson City, NV",Msa,NV,,,,,,,,,,,,,,,31,33,35,40,37,31,33,40,35,38,17,29,32,38,38,35,37,41,41,43,40,38,33,33,43,38,31,33,38,35,34,32,35,37,39,30,30,32
394432,553,"Calhoun, GA",Msa,GA,36,29,31,35,38,36,36,32,33,32,31,29,34,31,33,36,33,34,33,30,33,30,41,37,30,15,28,35,35,30,36,33,34,33,31,31,39,31,33,31,30,31,32,30,30,32,31,30,36,33,31,30
394721,557,"Jasper, IN",Msa,IN,,,,,,,,,,,,,,,,,,,,,,,,,,,,,,,,,,,,,,,41,36,33,34,39,36,38,33,32,38,39,40,29,28
394940,560,"Ontario, OR",Msa,OR,,,,,,,,,,,,,,,,,,,,,,,,,,,,,,,,,,,,,,,7,32,31,33,35,33,35,32,32,38,38,34,30,33
394967,562,"Payson, AZ",Msa,AZ,36,33,36,33,34,36,32,33,31,31,30,29,30,32,33,36,31,30,34,30,34,33,31,31,35,30,30,39,32,30,35,35,37,39,39,39,41,37,39,37,36,36,35,35,35,38,32,35,34,31,30,34
395029,564,"Rochelle, IL",Msa,IL,,,,,,,,,,,,,,40,34,33,39,39,42,38,40,39,39,36,38,39,38,40,40,40,42,43,45,43,41,41,43,38,40,44,42,42,39,39,37,41,39,35,40,34,34,39
395073,565,"Scottsboro, AL",Msa,AL,,,,,,,,,,,,,,,,,,,,,,,,,,,,,,,,,,,,,,,,,,,,,,,,,,,,31
394517,566,"Danville, KY",Msa,KY,,,,,,,,,,,,,,27,35,33,35,35,34,37,37,35,33,40,31,31,27,38,44,34,41,43,37,37,37,42,38,34,37,40,46,40,41,39,40,38,41,41,43,36,35,37
394652,569,"Greenville, OH",Msa,OH,,,,,,,,,,,,,,,,,,,,,,,,,,,,,,,,,,,,,,,,,,,,,,,,,,,37,34
395204,571,"Warrensburg, MO",Msa,MO,25,35,30,35,36,38,36,36,31,28,36,32,41,38,35,40,37,43,35,37,39,42,37,42,39,26,34,38,41,40,40,42,42,40,35,39,40,38,40,38,40,41,39,36,38,40,37,35,39,36,40,38
394604,574,"Fort Leonard Wood, MO",Msa,MO,,,,,,,,,,,,,40,37,39,39,39,38,40,40,37,40,36,44,44,31,28,44,43,43,43,44,40,42,40,42,43,43,44,46,45,45,45,43,44,42,44,41,44,42,42,39
394344,576,"Athens, TN",Msa,TN,,,,,,,,,,,,,,,,,,,,,,,,,,,,,,,,,,,,,,,34,39,43,46,39,43,47,33,36,40,43,38,35,34
394592,578,"Fernley, NV",Msa,NV,37,35,39,41,38,38,40,37,37,37,36,35,32,30,37,34,37,38,39,37,36,38,40,37,18,22,31,39,37,39,36,38,45,43,44,47,36,36,39,37,36,36,36,36,37,39,37,35,41,35,33,32
395234,581,"Winona, MN",Msa,MN,,,,,,,,,,,,,,,,,,,,,,,,,,,,,,,,,,,,,,,31,45,36,37,35,36,35,37,35,33,31,35,42,37
394547,582,"Durango, CO",Msa,CO,45,40,45,39,39,38,41,39,39,40,38,37,39,33,40,40,42,41,37,36,42,37,39,42,48,46,31,40,45,40,39,43,44,45,47,42,49,40,43,42,44,42,42,36,38,43,39,41,38,32,39,36
394402,585,"Boone, NC",Msa,NC,,,,,,,,,,,,,,,20,37,39,33,37,36,35,39,38,41,41,34,31,38,37,37,38,38,41,44,42,40,46,38,37,39,41,38,37,41,40,43,40,42,47,43,37,36
394363,586,"Bartlesville, OK",Msa,OK,,,,,,,,,,,,,,,31,36,30,30,30,29,32,34,31,36,39,31,33,35,38,38,37,38,40,41,39,38,42,38,26,36,41,40,37,40,40,38,36,37,41,36,32,32
395122,590,"St. Marys, GA",Msa,GA,35,33,35,35,38,38,41,37,37,37,41,32,35,35,31,36,35,37,36,35,39,35,37,37,40,29,29,38,42,39,40,39,41,38,41,38,40,36,39,38,38,40,38,34,36,36,36,39,41,42,37,34
394571,593,"Enterprise, AL",Msa,AL,,,,,,,,,,,,,,,29,38,36,40,39,35,40,36,34,32,40,35,29,38,39,38,42,39,42,43,41,38,44,37,40,42,45,42,43,43,38,41,37,41,40,38,37,34
394742,595,"Kerrville, TX",Msa,TX,,,,,,,,,,,,,,,,,,,,,,,,,,12,18,29,23,18,20,21,22,29,32,18,28,22,24,28,27,30,27,23,21,29,26,29,33,20,24,19
394906,596,"New Castle, IN",Msa,IN,,,,,,,,,,,,,,,,,,,,,,,,,,30,31,33,30,33,39,42,38,40,34,34,34,39,37,35,32,36,35,35,36,34,32,36,40,35,32,30
394504,598,"Cortland, NY",Msa,NY,,,,,,,,,,,,,,,,,,,,,,,,,,,,,,,,,,,,,,,,,,,,,,,,,,,76,66
395208,603,"Washington, NC",Msa,NC,,,,,,,,,,,,,,,38,35,43,40,40,36,39,44,40,43,40,35,29,38,41,40,41,39,44,43,42,40,48,41,45,41,43,44,41,40,43,36,38,41,46,34,35,40
394503,604,"Corsicana, TX",Msa,TX,,,,,,,,,,,,,,,,,,,,,,,,,,,,,,,,,,,,,,,,,,,,,,,,,,,24,33
394616,605,"Freeport, IL",Msa,IL,,,,,,,,,,,,,,,,,,,,,,,,,,,,,,,,,,,,,,,,34,44,40,42,37,37,36,36,32,38,31,36,38
394427,607,"Burlington, IA",Msa,IA,,,,,,,,,,,,,,,,,,,,,,,,,,,,,,,,,,,,,,26,30,31,40,37,43,39,34,43,25,30,46,28,34,41
394431,608,"Cadillac, MI",Msa,MI,,,,,,,,,,,,,,,,,,,,,,,,,,,,,,,,,15,35,41,43,40,22,36,39,40,39,41,37,38,40,40,39,45,29,34,31
394336,609,"Ardmore, OK",Msa,OK,,,,,,,,,,,,,,,,,,,,,,,,,,,,,,,,,,,,47,41,43,26,42,47,51,55,60,57,54,53,52,56,47,50,42
394918,611,"Nogales, AZ",Msa,AZ,,,,,,,,,,,,,,,,,,,,,36,40,37,42,47,29,32,48,49,44,44,44,42,43,49,44,49,47,41,44,50,45,49,43,40,41,44,43,46,37,38,32
394987,614,"Plymouth, IN",Msa,IN,,,,,,,,,,,,,,,,,,,,,,,,,,,,,,,,,,,,,,,,,,,,,,,,,,,36,30
394628,615,"Gardnerville Ranchos, NV",Msa,NV,40,33,38,36,38,32,35,35,35,35,39,35,36,32,35,34,39,40,35,36,39,41,33,39,35,29,32,40,37,39,39,37,42,44,43,41,41,36,41,35,32,33,35,41,39,36,33,37,37,32,35,35
395144,616,"Tahlequah, OK",Msa,OK,,,,,,,,,,,,,,,,,,,,,,,,,,,,,,,,,,,,,,,,,,,,,,,,,,42,43,41
394437,618,"Caon City, CO",Msa,CO,,,,,,,19,35,34,40,40,36,37,40,35,35,36,37,39,37,39,38,36,37,41,37,36,41,43,38,39,40,45,42,45,42,40,38,40,43,38,39,38,43,37,41,38,34,34,35,34,32
395034,622,"Rockingham, NC",Msa,NC,,,,,,,,,,,,,,,,,,,,,,,,,,,,,,,,,,,,,,,,,,,,,,,19,38,44,36,36,34
395017,625,"Red Wing, MN",Msa,MN,,,,,,,,,,,,,,,,,,,,,,,,,,,28,33,40,29,38,36,39,34,36,38,32,33,35,37,39,38,36,41,37,36,32,32,37,31,31,33
394446,627,"Cedar City, UT",Msa,UT,,,,,,,,,,,,,,,,,,,,,,,,,,,,,,,,,,,,,,,,,,,,,,,,,,,27,29
394375,628,"Bedford, IN",Msa,IN,,,,,,,,,,,,,,,,,,,,,,,,,,,,,,,,,,,,,,30,42,36,35,33,35,35,36,36,35,33,37,33,33,30
753905,630,"Newport, OR",Msa,OR,42,39,41,38,42,42,45,40,42,38,40,40,38,35,35,37,39,37,37,38,42,43,40,40,45,29,29,40,37,36,38,39,46,47,45,41,53,44,40,36,35,39,42,42,44,42,40,40,41,35,33,41
395201,631,"Wapakoneta, OH",Msa,OH,,,,,,,,,,,,,,,,,,,,,,,,,,,,,,,,,,,,,,,32,42,38,36,39,34,41,45,44,44,39,36,39,33
394377,633,"Bellefontaine, OH",Msa,OH,,,,,,,,,,,,,,,,,,,,,,,,,,,,,,,,,,,,,,,,,,,,,,,,,,,32,33
394842,634,"McAlester, OK",Msa,OK,,,,,,,,,,,,,,,,,,,,,,,,,,,,,,,,,,,,,,,27,42,43,45,48,45,44,50,47,48,46,49,36,40
395037,640,"Rolla, MO",Msa,MO,,,,,,,,,,,,,,,,,,,,,,,,,,,,,,,,,,,,,,39,40,46,45,43,42,39,44,42,42,43,42,43,41,41
395091,641,"Shelbyville, TN",Msa,TN,,,,,,,,,,,,,,,,,,,,,,,,,,,,,,,,,,,,,8,25,37,38,37,40,36,37,36,38,35,38,34,37,36,30
395008,646,"Pullman, WA",Msa,WA,,,,,,,,,,,,,,,,,,,,,,,,,,,,,,,,,,,,,,,,,,,,,,,,,,,35,42
394379,648,"Bemidji, MN",Msa,MN,,,,,,,,,,,,,,,,,,,,,,,,,,,,,,,,,,,,,,,,,,,,,,,,,,,42,43
394947,650,"Ottumwa, IA",Msa,IA,,,,,,,,,,,,,,,,,,,,,,,,,,,,,,,,,,,,,,,,,,,,,,,,,,,40,38
394954,651,"Pahrump, NV",Msa,NV,,,,,,,,,,,,,,,,,,,,,,,,,,,,,,,35,41,37,39,43,41,16,29,35,38,36,35,36,36,34,34,32,33,34,33,35,35
753865,657,"Bardstown, KY",Msa,KY,,,,,,,,,,,,,,,,,,,,,,,,,,,,,,,,,,,,,13,30,46,48,37,43,40,41,39,47,42,40,42,36,40,35
394500,658,"Cornelia, GA",Msa,GA,39,29,30,29,33,31,33,31,29,31,37,26,34,30,30,32,35,31,33,31,31,34,31,34,34,28,28,35,30,32,37,31,36,32,36,34,33,34,34,33,36,31,34,33,34,32,33,35,37,33,34,30
394426,659,"Burley, ID",Msa,ID,,,,,,,,,,,,,,,,,,,,,,,,,,,,,,,,,,,,,,,,,,,,,,,,,39,29,29,32
394384,661,"Big Rapids, MI",Msa,MI,,,,,,,,,,,,,,,,,,,,,,,,,,,,,,16,30,35,40,42,38,40,27,31,39,30,28,34,33,36,36,32,26,36,36,36,32,26
394993,662,"Poplar Bluff, MO",Msa,MO,,,,,,,,,,,,,,,,,,,,,,,,,,,,,,,,,,,,,,,,,,,,,,,,,,,36,36
394548,665,"Durant, OK",Msa,OK,,,,,,,,,,,,,,,,,,,,,,,,,,,,,,,,,,,,,,,,41,43,47,52,44,50,58,44,54,53,46,50,43
395087,666,"Seymour, IN",Msa,IN,,,,,,,,,,,,,,,,,,,,,,,,,,30,30,39,36,35,36,36,38,37,36,40,44,40,42,38,35,36,40,38,35,31,33,34,34,31,33,34
395228,668,"Willmar, MN",Msa,MN,,,,,,,,,,,,,,,,,29,35,30,30,30,31,31,41,42,22,24,38,38,30,36,31,38,40,41,40,44,31,34,38,39,42,40,43,39,39,41,32,42,38,33,30
394961,671,"Paragould, AR",Msa,AR,,,,,,,,,,,,,,,,,,,,,,,,,,,,,,,,,,,,,,,35,35,37,30,28,30,35,34,34,37,34,36,32,33
395230,672,"Wilmington, OH",Msa,OH,,,,,,,,,,,,,,,,,,,,,,,,,,,,,,,,,,,,,,,,44,41,41,43,41,42,45,37,40,47,45,33,35
394779,673,"Lawrenceburg, TN",Msa,TN,,,,,,,,,,,,,,,,,,,,,,,,,,,,,,,,,,,,,,,42,36,42,43,43,38,41,39,46,46,45,34,37,33
394448,678,"Cedartown, GA",Msa,GA,,,,,,,,,,,,,,,,,,,,,,,,,,19,28,33,29,31,34,28,31,35,38,30,24,35,32,36,32,38,30,31,33,29,29,30,34,29,33,31
753913,679,"Port Clinton, OH",Msa,OH,,,,,,,,,,,,,,,,,,,,,,,,,,,,,,,,,,,,,,,,,,,,,,,,,,40,35,34
394558,680,"El Campo, TX",Msa,TX,,,,,,,,,,,,,,,,,,,,,,,,,,,,,,,,,,,,,,,,,,,,,,,,,,,40,37
394876,681,"Montrose, CO",Msa,CO,,,,,,,,,,,,,,,,,,,,,,,,,,29,35,43,39,39,43,36,41,44,41,40,44,43,40,39,39,41,40,38,40,39,35,40,42,35,44,33
394567,682,"Ellensburg, WA",Msa,WA,,,,,,,,,,,,,,,,,,,,,,,,,,,,,,,,,,,,,,,,,,,,,,,,,,,30,
394833,688,"Marshalltown, IA",Msa,IA,,,,,,,,,,,,,,,,,,,,,,,,,,,,,,,,,,,,,,,,,,,,,,,,,,,38,39
395219,690,"West Plains, MO",Msa,MO,,,,,,,,,,,,,,,,,,,,,,,,,,,,,,36,36,41,45,40,42,41,47,39,41,42,44,42,41,44,40,40,42,36,37,38,35,42
753877,691,"Cullowhee, NC",Msa,NC,47,35,39,42,45,44,39,41,45,44,45,44,51,48,42,45,45,38,43,44,45,42,39,48,55,53,29,44,44,40,41,44,45,45,46,49,54,46,46,45,44,44,43,45,45,45,47,45,54,42,42,45
395178,695,"Urbana, OH",Msa,OH,,,,,,,,,,,,,,,,,,,,,,,,,,,,,,,,,,,,,,,,,,,,,,,,,,,35,30
394845,698,"McMinnville, TN",Msa,TN,,,,,,,,,,,,,,,,,,,,,,,,,,,,,,,,,,,,,,27,39,46,37,36,40,36,38,37,40,36,47,35,36,32
394354,705,"Austin, MN",Msa,MN,,,,,,,,,,,,,,,,,,,,,,,,,,,,,,,,,,,,,,,,,,,,,,,,,,,31,32
394476,706,"Clewiston, FL",Msa,FL,,,,,,,,,,,,,,,,,,,,,,,,,,,,,,38,37,42,48,35,37,36,40,30,40,33,33,41,37,31,36,39,30,36,29,29,35,29
394981,707,"Pittsburg, KS",Msa,KS,,,,,,,,,,,,,,,,,,,,,,,,,,,,,,,,,,,,,,,,,,,,,,,,,,,33,37
394526,708,"Defiance, OH",Msa,OH,,,,,,,,,,,,,,,,,,,,,,,,,,,,,,,,,,,,,,37,38,39,41,39,37,43,43,36,37,41,40,33,33,39
394801,710,"Logansport, IN",Msa,IN,,,,,,,,,,,,,,,,,,,,,,,,,,,,,,,,,,,,,,,,,,,,,,,,,,,,27
394992,711,"Pontiac, IL",Msa,IL,,,,,,,,,,,,,,,,,,,,,,,,,,,,,,,,,,,,,,,43,40,39,44,44,42,38,40,45,44,41,38,43,40
394663,712,"Hannibal, MO",Msa,MO,,,,,,,,,,,,,,,,,,,,,,,,,,,,,,,,,,,,,,,,,,,,,,,,,,,32,35
394690,714,"Houghton, MI",Msa,MI,,,,,,,,,,,,,,,,,,,,,,,,,,,,,,,,,,,,,,,,,,,,,,,,,,,41,
395192,717,"Vincennes, IN",Msa,IN,,,,,,,,,,,,,,,,,,,,,,,,,,,,,,,,,,,,,,,,,,,,,,,,,,,37,34
394624,718,"Gainesville, TX",Msa,TX,,,,,,,,,,,,,,,,,,,,,,,,,,,,,,,,,,,,,,,,,,,,,,,,,,,26,27
394507,722,"Crawfordsville, IN",Msa,IN,,,30,35,36,37,37,38,33,35,33,33,35,35,31,39,36,38,38,35,37,36,34,36,30,30,29,36,33,40,37,37,41,38,42,44,46,39,42,39,35,36,42,35,37,37,37,33,40,38,39,37
394422,723,"Brownwood, TX",Msa,TX,,,,,,,,,,,,,,,,,,,,,,,,,,,,,,,,,,,,,,,,,,,,,,,,,,,26,29
395129,725,"Stephenville, TX",Msa,TX,,,,,,,,,,,,,,,,,,,,,,,,,,,,,,,,,,,,,,,,,,,,,,,,,,,22,29
394554,727,"Easton, MD",Msa,MD,,,,,,,,,,,,,,,,,,,,,,,,,,,35,47,49,38,39,49,50,33,44,49,57,48,48,45,43,42,46,45,45,45,48,49,53,44,43,40
394300,730,"Ada, OK",Msa,OK,,,,,,,,,,,,,,,,,,,,,,,,,,,,,43,42,43,46,49,50,44,50,39,46,27,46,42,54,49,49,44,45,50,48,50,44,45,43
394881,731,"Moscow, ID",Msa,ID,,,,,,,,,,,,,,,,,,,,,,,,,,,,,,,,,,,,,,,,,,,,,,,,,,,,35
394696,735,"Huntington, IN",Msa,IN,,,,,,,,,,,,,,,,,,,,,,,,,,,,,,,,,,,,,,,,,,,,,,,,,,,33,35
394341,740,"Astoria, OR",Msa,OR,42,33,35,36,40,41,40,35,36,37,35,39,41,34,38,36,38,37,37,38,35,36,37,37,37,30,28,38,39,33,38,36,39,43,41,45,50,36,36,36,35,35,38,36,41,37,35,37,36,30,35,32
394506,742,"Coshocton, OH",Msa,OH,,,,,,,,,,,,,,,,,,,,,,,,,,,,,,,,,,,,,,,,,,,,,,,,,,,35,37
394916,743,"Newton, IA",Msa,IA,,,,,,,,,,,,,,,,,,,,,,,,,,36,30,42,45,41,44,46,45,45,41,45,47,47,41,51,43,48,45,43,40,43,42,41,42,41,42,39
394617,746,"Fremont, NE",Msa,NE,,,,,,,,,,,,,,,,,,,,,,,,,,,,,,,,,,,,,,34,39,36,43,40,35,36,37,32,33,30,33,32,31,32
394702,747,"Hutchinson, MN",Msa,MN,,,,,,,,,,,,,,26,35,37,34,36,38,32,35,32,32,32,31,31,29,36,36,34,38,38,43,44,41,39,43,35,42,42,42,44,38,42,39,35,38,36,45,36,32,42
394948,749,"Owatonna, MN",Msa,MN,,,,,,,,,,,,,,,,,26,27,29,31,34,30,30,39,35,28,24,32,41,36,36,45,37,36,35,35,39,38,42,39,41,43,41,42,41,36,41,35,37,33,42,33
753922,751,"Summit Park, UT",Msa,UT,35,33,33,34,35,37,32,36,35,32,30,31,35,32,29,35,36,34,34,32,31,36,35,36,30,28,33,,32,30,30,34,34,34,37,35,31,31,34,35,32,29,29,30,32,31,29,30,29,29,29,29
394385,755,"Big Spring, TX",Msa,TX,,,,,,,,,,,,,,,,,,,,,,,,,,,,,,,,,,,,,,,,,,,,,,,,,40,37,38,38
394535,757,"Dixon, IL",Msa,IL,,,,,,,,,,,,,,,,,,,,,,,,,,,,,,,,,,,,,,,,,,,,,,,,,,,37,38
394315,758,"Alexandria, MN",Msa,MN,,,,,,,,,,,,,,,,,,,,,,,,,,,,,,,,,,,,,,,,,,,,,,,,,,,38,39
394781,761,"Lebanon, MO",Msa,MO,,,,,,,,,,,,,,41,33,30,37,33,36,35,34,37,33,35,35,30,32,38,37,35,38,41,39,40,42,38,35,38,37,40,43,38,41,38,39,35,33,36,35,36,35,35
394335,768,"Arcadia, FL",Msa,FL,,,,,,,,,,,,,,,,,,,,,,,,,,,,,,,,,,,,,,,,,,,,,,40,39,39,38,33,32,35
394557,772,"Effingham, IL",Msa,IL,,,,,,,,,,,,,,,,,,,,,,,,,,,,,,,,,,,,,,,,,,,,,,,,,,,,35
394413,779,"Brenham, TX",Msa,TX,,,,,,,,,,,,,,,,,,,,,,,,,,,,,,34,35,40,41,39,40,42,50,40,41,36,42,40,35,35,39,39,35,42,45,36,35,35
394414,784,"Brevard, NC",Msa,NC,,,,,,,,,,,,,,,,,,,,,,,,,,,,42,35,40,39,40,42,44,44,44,46,49,45,40,37,46,44,39,44,40,43,41,44,36,40,44
395196,788,"Wabash, IN",Msa,IN,,,,,,,,,,,,,,,,,,,,,,,,,,,,,,,,,,,,,,,,,,,,,,,,,,,28,31
394433,789,"Cambridge, MD",Msa,MD,,,,,,,,,,,,,,,,,,,,,,,,,,,,,,36,43,49,43,29,42,50,52,50,47,44,42,47,42,42,41,48,44,43,42,39,42,38
395187,791,"Vernal, UT",Msa,UT,,,,,,,,,,,,,,,,,,,,,,,,,,,,,,,,,,,,,10,25,35,41,41,41,34,37,32,36,35,34,32,33,31,30
394310,811,"Albert Lea, MN",Msa,MN,,,,,,,,,,,,,,,,,,,,,,,,,,,,,,,,,,,,,,,,,,,,,,,,,,,35,27
394786,812,"Lewisburg, TN",Msa,TN,,,,,,,,,,,,,,,,,,,,,,,,,,,,,,,,,,,,,8,20,39,38,37,38,35,35,37,36,35,37,43,33,34,34
395206,825,"Washington Court House, OH",Msa,OH,,,,,,,,,,,,,,,,,,,,,,,,,,,,,,,,,,,,,,,,,,,,,,,,,,,37,31
394864,836,"Mineral Wells, TX",Msa,TX,,,,,,,,,,,,,,,,,,,,,,,,,,,,,,,,,,,,,,,,,,,,,,,,,,,21,30
753871,837,"Breckenridge, CO",Msa,CO,,,,,,,,,,,,,,,,,,,,,,,,,,,,,,40,38,41,47,51,52,50,47,40,44,46,41,39,40,43,42,37,38,38,45,36,38,
394892,847,"Mountain Home, ID",Msa,ID,,,,,,,,,,,,,,,,,,,,,,,,,,,,,,,,,,,,,,,,31,34,32,34,32,32,31,34,33,33,36,31,31
394401,851,"Boone, IA",Msa,IA,,,,,,,,,,,,,,,,,,,,,,,,,,,,,,,,,,,,,,,,,,,,,,,,,,,,44
753909,855,"Ottawa, KS",Msa,KS,,,,,,,,,,,,,,,,,,,,,,,,,,,,,,,,,,,,,,,43,34,34,42,38,37,33,34,33,40,36,34,30,30
394758,858,"La Grande, OR",Msa,OR,,,,,,,,,,,,,,,,,,,,,,,,,,,,,,,,,,,,,,,,,,,,,,,,,,,,53
394649,859,"Greensburg, IN",Msa,IN,,,,,,,,,,,,,,,,,,,,,,,,,,,,,,,,,,,,,,,,,,,,,,,,,,,35,31
753923,862,"The Dalles, OR",Msa,OR,,,,,,,,,,,,,,,,,,,,,,,,,,,,,,,,,,,,,,,,,,,,,,,,,,,,41
394674,871,"Heber, UT",Msa,UT,,,,,,,,,,,,,,,,,,,,,,,,,,,,,,,,,,,,,,27,33,31,30,31,31,28,32,31,28,28,33,31,28,22
395130,881,"Sterling, CO",Msa,CO,,,,,,,,,,,,,,,,,,,,,,,,,,,,,,,,,,,,,,,,,,,,,,,,,,,17,20
395004,902,"Prineville, OR",Msa,OR,,,,,,,,,,,,,,,,,,,,,,,,,,,,,,,,,,,,,,43,40,38,39,42,42,44,43,43,43,40,39,38,39,48
